Date,Ticker,Open,High,Low,Close,Adj_Close,Volume,VWAP,Returns,RSI,MACD
2024-01-01,AAPL,154.8813503927325,157.4543002403446,154.03404079405468,156.3645338743508,156.3645338743508,2659157,155.62294213354164,0.009576256133210389,38.438170729269984,1.5529137219128164
2024-01-01,MSFT,129.75346065444722,130.70879088908993,128.019052950777,129.64339040832797,129.64339040832797,3082990,129.6984255313876,-0.0008483029706034832,56.80445610939323,-0.10731045224678325
2024-01-01,TSLA,192.5596638292661,195.40462697922248,190.96134670083265,193.44739029475696,193.44739029475696,3327283,193.00352706201153,0.0046101371794975915,52.047747955120485,0.33367432737426683
2024-01-01,NVDA,167.88795301189603,170.17248694007958,166.3707217632513,169.09774048118155,169.09774048118155,2884874,168.4928467465388,0.007205921851937726,41.46619399905236,1.6271598247785584
2024-01-01,AMZN,126.45556121046269,127.5924291082,125.93368258110478,125.97126218197748,125.97126218197748,2924149,126.21341169622008,-0.003829796205476337,14.967486718368317,1.5143912837240117
2024-01-02,AAPL,122.23213882515876,124.7582413486577,121.0060119093905,123.85834136883526,123.85834136883526,1020737,123.045240096997,0.0133042140905562,69.76311959272648,-0.2292506291606075
2024-01-02,MSFT,106.02254716292698,108.90389364653011,105.76469456761728,108.48312852438242,108.48312852438242,2755747,107.2528378436547,0.023208095139180294,36.37107709426226,1.2023798487844113
2024-01-02,TSLA,157.01967704178796,157.72082791814339,156.60192352959828,157.51673829664733,157.51673829664733,1758915,157.26820766921765,0.003165598504747217,99.52995676778876,-0.03124533542395122
2024-01-02,NVDA,158.18503294385343,159.43205314611717,156.021305548436,156.69732077811378,156.69732077811378,4969397,157.4411768609836,-0.009404885772396074,65.63295894652734,-2.5174371027954736
2024-01-02,AMZN,113.81829513486139,115.46028159455726,112.60248230813752,112.79668485972364,112.79668485972364,1233138,113.30748999729252,-0.008975800190358303,67.36596308357893,-1.180632184122412
2024-01-03,AAPL,197.19450024996658,197.3596681341495,196.29218182092472,197.2482387467463,197.2482387467463,2960319,197.22136949835644,0.00027251519039119,3.9187792254320675,1.0558371328125817
2024-01-03,MSFT,128.28069625764095,128.51815169554945,126.91606127498437,127.55202763377233,127.55202763377233,1861091,127.91636194570664,-0.005680267141715221,91.82354663621447,-0.6787773894547808
2024-01-03,TSLA,121.68221376275429,124.85239375912586,119.84876785471536,123.83445583779184,123.83445583779184,2113146,122.75833480027306,0.017687400717690826,57.59464955561793,0.1921408343855315
2024-01-03,NVDA,192.92961975762142,195.47201685151683,191.49696534938428,195.20842112670803,195.20842112670803,2475712,194.06902044216474,0.011811568238974808,26.473016428344962,-1.2348258203536526
2024-01-03,AMZN,139.7820752758629,140.52169146135958,137.02792181198785,137.32080533744607,137.32080533744607,2213186,138.55144030665448,-0.017607908120976533,27.000797319216485,0.1940071914439783
2024-01-04,AAPL,173.51940221225948,178.35128908389714,173.07323894697825,177.2067852723154,177.2067852723154,3579436,175.36309374228745,0.02125055188667188,68.00555694634123,1.5255072386625639
2024-01-04,MSFT,144.9197738218372,146.27065198423767,143.46862926889474,143.9682218202047,143.9682218202047,4085213,144.44399782102096,-0.00656606049359651,88.17353618548528,1.4407311183181257
2024-01-04,TSLA,169.2531590077766,171.1863263186647,167.96517860931732,169.27415904921824,169.27415904921824,1115616,169.26365902849741,0.00012407473848501585,61.880856459135714,1.7858704939058352
2024-01-04,NVDA,147.4867515408942,151.67154148194925,146.7198270908243,151.0955594732227,151.0955594732227,1628777,149.29115550705845,0.024468692235911516,42.87687009457662,-0.24942132634091757
2024-01-04,AMZN,113.54740642224502,115.93829649840153,112.39875592454587,114.75655097590518,114.75655097590518,4681068,114.1519786990751,0.01064880820935496,96.89617652602736,-1.743058230922982
2024-01-05,AAPL,132.09972413734977,132.29424399147612,129.15371608826504,131.12180057099334,131.12180057099334,3470910,131.61076235417156,-0.00740291906544509,80.61939890460857,-0.3799224453917579
2024-01-05,MSFT,170.38885835403664,171.3893493820468,168.69284189539218,171.1417094163479,171.1417094163479,3913428,170.76528388519228,0.004418428937102093,41.13967237554546,-1.0994007905841945
2024-01-05,TSLA,113.99725854932016,114.09843477942864,110.92346930070669,111.6544615132335,111.6544615132335,1113417,112.82586003127683,-0.02055134540865357,85.5803342392611,-1.857087438077901
2024-01-05,NVDA,101.17140841850019,104.20257661219294,100.12933520609194,103.85931725767006,103.85931725767006,3693153,102.51536283808512,0.0265678701244447,33.89851167797783,-0.8182209613286916
2024-01-05,AMZN,117.94902609178557,119.69817200707556,115.77718656641159,117.66542606824672,117.66542606824672,4569086,117.80722608001614,-0.002404428700565621,70.44144019235328,-1.2764802131596051
2024-01-06,AAPL,103.18389295313078,105.1303635556624,102.70810731038176,103.97590637845407,103.97590637845407,3663961,103.57989966579242,0.007675746695107215,26.726253788147826,-1.0930615087305058
2024-01-06,MSFT,167.90906156274139,170.63247589159127,166.8005766925725,168.7034963560124,168.7034963560124,3046292,168.3062789593769,0.004731339606553468,20.984374897512215,0.5768477006277305
2024-01-06,TSLA,118.61930058803361,119.1280135515744,115.39119491199524,115.507253232643,115.507253232643,4534238,117.0632769103383,-0.02623559016081874,48.78377043589642,-0.05446484378125436
2024-01-06,NVDA,188.10045622016747,189.31673633219188,186.39122905954605,188.23173878217108,188.23173878217108,3879689,188.16609750116928,0.0006979385624133826,67.93927734985672,0.2657857222744284
2024-01-06,AMZN,145.36968445560453,149.24920396424946,144.93589048680758,147.26852606945604,147.26852606945604,1721936,146.3191052625303,0.013062156810496599,26.332237673715063,0.0875512413851909
2024-01-07,AAPL,102.06509994657287,102.83202773491666,99.33377240794142,100.51040663504864,100.51040663504864,1772846,101.28775329081076,-0.015232369461628453,62.89818435911487,1.1159384541230788
2024-01-07,MSFT,187.2650655447395,189.34999865715682,185.35948223079563,188.9787267685449,188.9787267685449,1043723,188.1218961566422,0.009150992572055452,21.550767711355846,-0.6510255933001469
2024-01-07,TSLA,194.73705904889243,195.1636830036274,191.87114696083339,192.90754838869472,192.90754838869472,2168611,193.8223037187936,-0.009394774005179872,71.15838170608139,0.8582377853547566
2024-01-07,NVDA,115.36943050077964,117.46695220446479,114.99651406180097,117.03719073096363,117.03719073096363,3466820,116.20331061587163,0.014455824415053487,74.70794701392342,1.3137926911388345
2024-01-07,AMZN,167.48473459286922,168.8936831096562,164.95105651786824,165.87735691784852,165.87735691784852,3511634,166.68104575535887,-0.009597159280981633,18.32798362140786,-0.5515622786265142
2024-01-08,AAPL,114.48477593433772,116.36563982484334,108.51740391359597,110.0480544212099,110.0480544212099,3648919,112.26641517777381,-0.038753812259478805,9.259616511851354,-0.18350287900215623
2024-01-08,MSFT,121.74504927055719,123.5255306052653,121.3267352115955,123.43430133096354,123.43430133096354,4359665,122.58967530076036,0.013875324463110426,24.08287799154468,0.9086423907448442
2024-01-08,TSLA,110.02939422654978,112.79217362983191,108.85657389417713,112.228713418324,112.228713418324,3056015,111.1290538224369,0.019988469510664023,51.239346329590376,0.6552637307225978
2024-01-08,NVDA,158.044713718813,159.45282321537368,157.13437608842634,159.01601750574983,159.01601750574983,1429805,158.5303656122814,0.006145753085199263,49.22682415051587,1.3115265470711108
2024-01-08,AMZN,171.55611574590398,176.27994966417776,169.8670155869601,175.28366921316282,175.28366921316282,1026981,173.41989247953342,0.021727896152532476,61.78766919175238,-0.12369080940165064
2024-01-09,AAPL,101.32368577588994,103.28734455552645,98.47805264997346,99.43479326405344,99.43479326405344,2378921,100.37923951997169,-0.018642161478554957,0.4048106368426341,-0.41004969320254847
2024-01-09,MSFT,126.94794339581176,127.54362703292188,123.10962131359423,123.91188599671149,123.91188599671149,3318462,125.42991469626162,-0.023915766714188748,22.431702897473926,-1.8930448255241243
2024-01-09,TSLA,109.7844484494034,109.9466512293794,107.58442495342564,108.39890729625326,108.39890729625326,4387995,109.09167787282833,-0.01262055940271632,92.62129301763149,1.1378268656304509
2024-01-09,NVDA,132.53103051589963,134.2967505119872,128.2378788266559,128.73912426704368,128.73912426704368,3808960,130.63507739147167,-0.02861145977734656,67.20478073539144,0.3246854119723138
2024-01-09,AMZN,124.53672098528448,129.2467924219248,123.08263245986181,127.52569007426722,127.52569007426722,4421601,126.03120552977585,0.02400070489519252,25.61395774147123,-2.0699850250135325
2024-01-10,AAPL,159.19351581884496,160.11054492331826,155.01422198027413,156.06340722178382,156.06340722178382,3615933,157.62846152031437,-0.019662287003090383,69.56254456388572,-3.0512344195440364
2024-01-10,MSFT,128.35188465821668,129.9289756828297,125.91977585580452,126.033472008671,126.033472008671,4041607,127.19267833344384,-0.01806294201070199,20.659460707526943,-0.43653709264274676
2024-01-10,TSLA,184.7275322507378,184.86725028541647,182.7897255256459,182.8091018672395,182.8091018672395,2924572,183.76831705898866,-0.010385189257518714,37.085279921788874,0.5408730469961762
2024-01-10,NVDA,119.70542801856396,121.3050197877052,118.35888704768968,118.51279994166295,118.51279994166295,2204567,119.10911398011345,-0.009963024205686503,88.27092893929041,-0.05256729626954629
2024-01-10,AMZN,148.841005994039,149.79158487785622,144.84247182592574,146.40976775616832,146.40976775616832,4287213,147.62538687510366,-0.016334465234453217,51.00168523182502,-0.31867814465977046
2024-01-11,AAPL,153.6177494703452,153.87547060127784,150.52284706243708,151.30819841553128,151.30819841553128,2507703,152.46297394293822,-0.015034402357650417,15.987006714292528,0.9418343381744537
2024-01-11,MSFT,112.94123374222514,114.76232318701206,111.0834924874565,111.24943598276889,111.24943598276889,3464329,112.09533486249701,-0.01497945173254948,72.41676366115432,0.1637327392598558
2024-01-11,TSLA,139.9025321703102,141.87446365659576,139.24709136719596,140.47521954809474,140.47521954809474,4948240,140.18887585920248,0.004093473998650622,2.706898477719011,0.6088438344754508
2024-01-11,NVDA,173.13973399998267,174.14658885586257,169.12840329595977,171.03584605728744,171.03584605728744,1833705,172.08779002863506,-0.012151387172025078,45.722345335385704,-0.754946248498122
2024-01-11,AMZN,195.1874476832736,199.5182779206757,193.55640004573647,197.70059048385022,197.70059048385022,2008357,196.4440190835619,0.012875534930169477,9.445791415049454,0.29674719639618397
2024-01-12,AAPL,163.36078897001912,168.24412761961173,162.7468168580939,166.75965166374837,166.75965166374837,3708936,165.06022031688374,0.020805866053652783,35.536884847192965,-0.39274664862934916
2024-01-12,MSFT,135.67068904025427,137.25746520607706,133.7800859732961,137.05823534563453,137.05823534563453,2494254,136.36446219294442,0.01022731081559232,9.202758561195722,-0.1595734381462669
2024-01-12,TSLA,105.59658283494478,107.2756087685841,104.24579519557837,105.29053626012099,105.29053626012099,2630172,105.44355954753289,-0.002898262108558657,42.87957224982378,-0.2407295607955796
2024-01-12,NVDA,106.80740739747202,107.31378978491772,104.92906482455963,105.19117528699014,105.19117528699014,2363537,105.99929134223109,-0.015132209926856892,49.102474090072725,-0.7189109456959241
2024-01-12,AMZN,198.16396804040687,198.25528732438482,196.21786127747785,196.83799655741575,196.83799655741575,2995929,197.5009822989113,-0.006691284475696146,63.87617573665293,-1.3470462879816554
2024-01-13,AAPL,149.03053465487372,149.51337189502686,146.29612496009588,147.62113410316124,147.62113410316124,1609413,148.32583437901746,-0.009457126051224219,66.58591175591877,0.9432607249694948
2024-01-13,MSFT,151.73085172022888,155.33190694168582,150.31770230768294,154.75780390184656,154.75780390184656,4411794,153.24432781103772,0.019949483887422993,44.714384049583636,-2.1008247330361103
2024-01-13,TSLA,196.8903041099436,198.3676694283705,193.50833448293145,194.40650133833404,194.40650133833404,4268154,195.6484027241388,-0.012615160420609665,81.49664793702473,-1.658495309030648
2024-01-13,NVDA,198.54914276432976,200.45104798644056,197.20045698880838,197.66729749974456,197.66729749974456,2353518,198.10822013203716,-0.004441445842110291,38.523741854992764,-0.2803554951845091
2024-01-13,AMZN,191.67270193301817,192.51882523275592,190.92421277107533,192.25319523521853,192.25319523521853,1799342,191.96294858411835,0.0030285653426183313,74.8788257540133,-0.8548176464668128
2024-01-14,AAPL,123.78072425390388,124.38966106865853,121.71151160222276,123.38988984674006,123.38988984674006,2877485,123.58530705032197,-0.0031574739081517062,73.83903376936127,-1.2645954382010165
2024-01-14,MSFT,155.53612630261748,157.0305187018964,154.83856097427628,155.9912330429973,155.9912330429973,1884308,155.76367967280737,0.0029260516588560537,69.95750602247513,-1.3998745954292562
2024-01-14,TSLA,196.7965566604227,196.93829621679112,196.17960437433655,196.7651924372176,196.7651924372176,1047042,196.78087454882015,-0.0001593738413789236,44.751587076102474,0.16092816829822298
2024-01-14,NVDA,169.6077168966005,171.5282304653503,167.84390949378758,167.98877838871917,167.98877838871917,4203689,168.79824764265982,-0.009545193682833977,54.688490166942216,-0.24624784206154995
2024-01-14,AMZN,127.48235698675965,130.05969358657052,126.37820043337571,129.24622689489902,129.24622689489902,1723250,128.36429194082933,0.013836188393681531,27.300890129390464,0.20501308771898938
2024-01-15,AAPL,197.0075073851001,198.79723376945628,194.90270395955247,194.95574906475042,194.95574906475042,3734252,195.98162822492526,-0.010414619968461434,33.35074657912753,0.9630157834322359
2024-01-15,MSFT,192.41587666207636,192.6251324395613,191.01206118649495,191.70901316456195,191.70901316456195,4606548,192.06244491331915,-0.00367362355839175,38.682715356733254,-1.6164741886510325
2024-01-15,TSLA,153.0088935959223,156.3116269179891,152.46352736019406,155.2149042424386,155.2149042424386,4469057,154.11189891918045,0.014417532175234817,28.269965094553662,1.4051773077378207
2024-01-15,NVDA,103.02352580059826,105.94765358846614,102.84453671053247,104.10343066493175,104.10343066493175,3872841,103.56347823276501,0.010482119068839077,15.362753737206159,-2.2512611873799857
2024-01-15,AMZN,142.55076374308092,143.62891083661475,140.51452206659783,141.96281776340564,141.96281776340564,1839916,142.25679075324328,-0.004124467412429561,0.27032138935026984,-0.5601676817310862
2024-01-16,AAPL,164.7196653894036,169.68519575061563,164.68592204266352,167.75965511093514,167.75965511093514,1830501,166.23966025016938,0.01845553604267531,44.066609303413806,1.7195893074161945
2024-01-16,MSFT,168.5091991050595,170.34826197605733,166.99782930459367,168.08274331002275,168.08274331002275,4896733,168.29597120754113,-0.0025307567616583283,51.99523745708382,0.06728669743875576
2024-01-16,TSLA,169.39564109345474,170.216244218835,167.85743724222786,169.1040265882681,169.1040265882681,2039514,169.2498338408614,-0.0017214994630573,88.01068635197443,-0.21911445117844763
2024-01-16,NVDA,132.8303308289211,136.1855143002888,132.07161867247112,134.9421285010191,134.9421285010191,1589564,133.8862296649701,0.015898459778873185,54.13807937571357,-2.2603261969741255
2024-01-16,AMZN,192.33060678891633,194.23489218350716,190.94009098465574,191.5401488236076,191.5401488236076,2337423,191.93537780626195,-0.004109891704216632,58.010691319633025,-1.159420516399913
2024-01-17,AAPL,159.79367304324688,161.00023105540686,159.12241108535912,160.70849074728426,160.70849074728426,3267645,160.25108189526557,0.00572499327798659,7.648676903028539,-1.4813357526726854
2024-01-17,MSFT,169.64631446525004,171.91974715798793,168.301149842657,170.12362244356046,170.12362244356046,3661229,169.88496845440525,0.0028135475846614486,52.30063893232223,0.40564243611853096
2024-01-17,TSLA,132.05653279867937,132.7270597985372,131.65580415479698,132.14077099352406,132.14077099352406,4854566,132.09865189610173,0.0006378949458949411,60.7249374011541,0.12086283770506975
2024-01-17,NVDA,147.76465028764162,148.79367577423912,145.10778636330124,145.84364152437533,145.84364152437533,2998038,146.80414590600847,-0.013000462285985262,59.20806626787586,-0.7931173627076716
2024-01-17,AMZN,143.1784927625162,144.4925323109042,138.39522492184184,139.6998428273249,139.6998428273249,2844702,141.43916779492054,-0.024295897156573713,65.91764718500282,1.109152960995002
2024-01-18,AAPL,139.7256747168042,143.05564639770057,137.77322338989657,141.42953867120565,141.42953867120565,1623703,140.57760669400494,0.012194351237557669,95.69329750877765,1.3709821648995895
2024-01-18,MSFT,111.34859152007735,112.87913268767387,110.5258661737493,110.56924362150197,110.56924362150197,3287505,110.95891757078965,-0.006999171591989612,43.22814811812986,-0.212364946175517
2024-01-18,TSLA,152.19962736299826,156.92258428883864,150.3279632025647,155.22628352814468,155.22628352814468,1119392,153.71295544557148,0.01988609445099233,89.18009653672702,0.553132064207584
2024-01-18,NVDA,178.09311328853306,179.80817995099113,176.29559411339008,179.43005463126048,179.43005463126048,1610753,178.76158395989677,0.007506979456085998,9.725799478764063,-0.727679884705827
2024-01-18,AMZN,149.7776907825342,150.11574159479252,145.07038207257867,146.78954374541792,146.78954374541792,4941641,148.28361726397605,-0.01995054818580986,27.11133917467363,0.46873926832959084
2024-01-19,AAPL,147.31900477098972,151.96169010231586,147.11908773980403,150.0271714905315,150.0271714905315,3525265,148.67308813076062,0.018383009875417387,11.73155641831939,-3.2674226073190913
2024-01-19,MSFT,127.12520767618642,128.46797463352672,123.17050236896641,123.85993862371743,123.85993862371743,4763444,125.49257314995192,-0.02568545697707959,39.966737210144764,-1.567767724308454
2024-01-19,TSLA,138.13971534308877,139.46292991978078,136.7791288080736,138.02984520855398,138.02984520855398,4888139,138.08478027582137,-0.0007953551537435143,65.3421161113637,-0.20966848402092378
2024-01-19,NVDA,172.63424644178352,173.4443176683774,169.85157934909114,170.66232651478825,170.66232651478825,4137431,171.64828647828588,-0.011422530393818756,71.39271946992748,0.09345946496778391
2024-01-19,AMZN,156.15772808883654,157.79725232476736,154.82637262683994,157.62678620417833,157.62678620417833,2451427,156.89225714650743,0.009407527461632018,95.91422519779749,-2.3882800806303353
2024-01-20,AAPL,110.32981550851386,111.37818322930137,104.86044194394063,105.59064169806065,105.59064169806065,1589400,107.96022860328725,-0.042954606500610885,35.52251981133438,0.8640523004976479
2024-01-20,MSFT,184.8340150104089,187.61496092286478,184.21926277618047,186.3481312798706,186.3481312798706,1728658,185.59107314513977,0.00819176204864912,8.531092311870337,0.9292097924153867
2024-01-20,TSLA,122.13964462927723,122.27194355351114,121.45374899665316,121.58495873107302,121.58495873107302,4467899,121.86230168017512,-0.004541407500306846,36.94896933594365,-0.4721362680044403
2024-01-20,NVDA,105.51072773313702,106.93658143903471,104.05829620046083,104.91218302125748,104.91218302125748,4913651,105.21145537719724,-0.005672832751124698,34.944029204853486,0.7085076845978161
2024-01-20,AMZN,178.14796002346614,178.53372226642523,176.35657744104574,178.47581716837132,178.47581716837132,1037708,178.31188859591873,0.0018403642952857545,87.83724953799941,0.09632135592119682
2024-01-21,AAPL,169.07847761565296,169.86713283642058,168.3486539436105,169.1143545260319,169.1143545260319,1697128,169.09641607084242,0.00021219087659688009,13.190324974037926,-2.285479911924125
2024-01-21,MSFT,120.05160129199918,121.75530869073238,117.40137859180513,118.19246625140022,118.19246625140022,3817311,119.1220337716997,-0.015486132801152892,4.680635471218874,0.032458051660077855
2024-01-21,TSLA,197.07314427706328,198.83693728325693,194.17581464378932,195.6150549594739,195.6150549594739,3446656,196.3440996182686,-0.007398721540361021,32.8378949371245,0.19655740072878491
2024-01-21,NVDA,180.26921398967778,181.1004305115483,177.80520848543554,179.67844270181575,179.67844270181575,3166087,179.97382834574677,-0.0032771612788851097,87.73987891741196,1.1727696217078323
2024-01-21,AMZN,137.19187485124613,139.77363871821882,136.30270027562352,138.85663238408594,138.85663238408594,1707675,138.02425361766603,0.012134519880604239,57.184363812713414,-0.4217058784468539
2024-01-22,AAPL,177.46834750848024,179.25903773631882,176.9272291832877,177.05739414617366,177.05739414617366,4895836,177.26287082732694,-0.00231564314468491,67.56891476442668,0.8591145752242715
2024-01-22,MSFT,124.48894794200994,126.33446116246067,122.792175364101,123.38032868886734,123.38032868886734,3849446,123.93463831543863,-0.008905362857263675,49.39578339872235,-0.4706376581547914
2024-01-22,TSLA,177.81715954502542,178.67096826544756,175.98748569375567,177.6731954694266,177.6731954694266,3793845,177.745177507226,-0.0008096185765602521,72.68779657960962,0.06865297829575487
2024-01-22,NVDA,197.54241344063234,197.6155354118918,195.32219491420332,196.13603877702923,196.13603877702923,4425930,196.8392261088308,-0.007119355479707027,56.8217593669845,0.7841783826781579
2024-01-22,AMZN,124.6556939811156,126.60746171795267,120.90183459175233,122.76695699946701,122.76695699946701,1839133,123.7113254902913,-0.015151630233069986,93.15050336880877,0.23810314783231212
2024-01-23,AAPL,167.38373432338102,170.78137341451037,166.30926301428042,169.58924343434805,169.58924343434805,3149351,168.48648887886452,0.013176364596490854,35.193624049569074,1.0382777817606348
2024-01-23,MSFT,189.75427646494055,190.99760733784706,187.86514818986944,188.44228810517282,188.44228810517282,2616977,189.09828228505668,-0.006914143829639226,23.31737511785873,1.2421284950064577
2024-01-23,TSLA,108.1371718737739,110.84847473231287,106.68471750758306,110.11322238554042,110.11322238554042,2396024,109.12519712965715,0.01827355457449109,48.76763235382076,-1.5795871947908564
2024-01-23,NVDA,100.05459648969956,100.47110299394254,96.81521053746525,98.67999841538624,98.67999841538624,3381371,99.3672974525429,-0.013738480015306826,60.22291768963458,-0.11747454641811148
2024-01-23,AMZN,171.43757403112454,172.8920738437821,169.22341235524945,170.55004820365076,170.55004820365076,4193436,170.99381111738765,-0.0051769621244911555,55.460338899447436,-0.963573562226169
2024-01-24,AAPL,102.57564595295827,105.90862077194325,101.66227076644115,105.84407419553109,105.84407419553109,3486608,104.20986007424469,0.03186358918053261,10.721074542854602,0.10978165683646009
2024-01-24,MSFT,181.73391114616214,185.2583603999853,180.91445873490065,183.79178213135185,183.79178213135185,2993441,182.762846638757,0.011323538750754316,70.29517107877011,-0.0722870075600049
2024-01-24,TSLA,135.7207424112111,136.7331097396504,133.9503278624414,136.66496820904044,136.66496820904044,1545550,136.19285531012576,0.0069571222574696875,48.35181274274587,-0.88036754567718
2024-01-24,NVDA,114.03160179234195,116.98750692642447,113.46592808798978,115.14089631130706,115.14089631130706,4280758,114.5862490518245,0.009727957000772499,10.625490993419929,-0.17891748648332526
2024-01-24,AMZN,147.6945891702155,148.09660974194736,143.37074470361645,144.6464562026502,144.6464562026502,1005912,146.17052268643283,-0.02063808149432186,89.89610922270317,0.5294789575311948
2024-01-25,AAPL,118.55178975231763,119.18487487210258,113.6496043934274,114.5433583213198,114.5433583213198,2976820,116.54757403681872,-0.03381164838904904,26.640790222098587,0.37687652085089274
2024-01-25,MSFT,129.82644208891,130.76349959278252,129.3422426723383,130.01151105101286,130.01151105101286,4352062,129.91897656996144,0.001425510544116418,66.92369637703355,-1.3752704102909648
2024-01-25,TSLA,196.3740995048686,197.02469312016763,194.51265880906868,195.50648830628452,195.50648830628452,2377437,195.94029390557657,-0.004418154943913955,62.11692473670547,-0.13079258089317672
2024-01-25,NVDA,149.81795657629434,151.2819659874541,148.98457306247693,150.47911008884307,150.47911008884307,2253004,150.14853333256872,0.004413045856836567,69.72742926194663,0.9492464735582357
2024-01-25,AMZN,146.33440167565254,147.74999061087297,144.85193834383216,147.36018860321946,147.36018860321946,2737066,146.847295139436,0.007009882268426189,33.447374149611484,-1.5982906139866426
2024-01-26,AAPL,117.53720695152438,118.22189170477469,112.07925513540437,113.59398342187978,113.59398342187978,1516120,115.56559518670208,-0.03354872581982396,94.49491922357596,0.9927447684486691
2024-01-26,MSFT,155.97742312947366,156.18558066220504,153.51109683180584,154.73997295801865,154.73997295801865,1809178,155.35869804374616,-0.007933521061107845,72.55735341014893,0.08914476930131705
2024-01-26,TSLA,103.85572460589984,105.66202389960299,102.36003351966728,102.44588190088494,102.44588190088494,1275810,103.15080325339238,-0.013575011973242785,72.74807400981555,0.6799748442451024
2024-01-26,NVDA,158.45925768881224,160.32384830609544,154.86001162067268,156.84601424962892,156.84601424962892,3019559,157.65263596922057,-0.010180809014967523,81.3880141920636,0.832966999540207
2024-01-26,AMZN,114.03839577993469,114.66007573422132,111.00529375106272,112.44254653174502,112.44254653174502,1171993,113.24047115583986,-0.013993964377307199,39.19328654391413,1.5667289421131356
2024-01-27,AAPL,179.4506459051366,181.39982321742664,175.62167640603286,177.4048373799817,177.4048373799817,4147163,178.42774164255917,-0.011400396553804499,17.979529083354162,1.164002488363719
2024-01-27,MSFT,134.55056563563346,141.25217850340002,132.77166981800173,139.54496641880746,139.54496641880746,2620488,137.04776602722046,0.03711913628589992,11.804156469474748,-2.245321648371402
2024-01-27,TSLA,178.47305693588856,181.0904952890935,176.54287816721526,180.8208579977142,180.8208579977142,2440765,179.64695746680138,0.013154932750824213,7.235036841916031,-0.027874648953384967
2024-01-27,NVDA,128.01137483058372,129.95153103616576,126.55629393483025,127.44453675333948,127.44453675333948,4587605,127.72795579196159,-0.0044280289778499925,99.98085781169654,0.6874170690373391
2024-01-27,AMZN,119.72594743007377,120.33429454485227,114.89530335653014,116.07743411819811,116.07743411819811,4524588,117.90169077413594,-0.030473872958963918,0.968331698524838,0.3036039044620014
2024-01-28,AAPL,113.63570073540612,116.421858521204,112.91383179013785,115.02176951817214,115.02176951817214,3020602,114.32873512678913,0.012197476442666506,83.39816438766317,1.6170011233173232
2024-01-28,MSFT,121.38353468015865,122.39726059713327,117.70045535759856,119.17416168096013,119.17416168096013,1086416,120.27884818055938,-0.01820158726651141,11.81267016747758,-0.7237213647426549
2024-01-28,TSLA,104.07102624953689,110.96632111287232,102.23048274085725,109.17040924059148,109.17040924059148,1143388,106.62071774506418,0.04899906510797273,47.58261958572228,-0.588179941303807
2024-01-28,NVDA,170.87703909410487,171.32586631794655,167.97165442526187,169.8790058181165,169.8790058181165,2239027,170.37802245611067,-0.005840651741623067,53.98133777638715,0.02135122384354861
2024-01-28,AMZN,186.82549840773976,188.82154938013704,184.88249913748896,186.4507278380767,186.4507278380767,4921437,186.63811312290824,-0.002005992612663328,75.32401195921769,0.08209634292106116
2024-01-29,AAPL,123.58342241056354,128.50464791332394,122.02687007597065,126.60756731106625,126.60756731106625,3959300,125.0954948608149,0.02447047380235207,67.07616559447341,1.3049824698685113
2024-01-29,MSFT,187.6284891257797,188.3291394969655,186.15826217433815,186.66366204324507,186.66366204324507,3097891,187.1460755845124,-0.005142220603225414,94.38508573508196,-0.3476994692108861
2024-01-29,TSLA,196.49249408484394,197.0012588870792,194.1670855819662,194.6976922310403,194.6976922310403,2464136,195.59509315794213,-0.009134200581873964,87.98566872314285,1.3124703671409963
2024-01-29,NVDA,104.40163622931932,105.05387161401521,99.14536219042637,99.7457411064556,99.7457411064556,1801430,102.07368866788747,-0.044595997639701755,43.011598437673996,1.7631873681789705
2024-01-29,AMZN,165.21245948421392,167.1508712276493,164.51747412476718,165.04873921985006,165.04873921985006,4493487,165.130599352032,-0.0009909680230836568,91.16567558329766,1.1718949169814128
2024-01-30,AAPL,141.37584288128747,141.7771182226586,138.4765999373051,140.33555031070478,140.33555031070478,3541202,140.8556965959961,-0.007358347433204845,71.514325202536,1.9346020412590457
2024-01-30,MSFT,155.80512366572626,155.8157437609556,154.44698796756074,154.46969822458513,154.46969822458513,3059870,155.1374109451557,-0.008571126608173867,83.22388610488994,1.6819217400731377
2024-01-30,TSLA,106.07781563034317,107.89417448400066,106.01739922990069,106.61235983203416,106.61235983203416,4835084,106.34508773118867,0.0050391705232105755,94.16677953897565,0.7154706645774199
2024-01-30,NVDA,127.83252983201143,129.20380400793698,127.30323063600584,128.98599653025434,128.98599653025434,3084356,128.40926318113287,0.009023264264258198,56.294744193153655,-0.9459303291303981
2024-01-30,AMZN,173.04780522039368,174.04458141587446,171.82369234460063,172.31093939392244,172.31093939392244,4638740,172.67937230715808,-0.00425816337591091,86.11230080657867,-1.2867396275756047
2024-01-31,AAPL,161.76569825692434,163.65347058737234,160.71654412196708,161.82690190560137,161.82690190560137,4045974,161.79630008126287,0.0003783475071447455,78.68600273152987,-0.06964157844693558
2024-01-31,MSFT,197.30166327573443,199.27453136932556,195.39056217864152,197.86598878146333,197.86598878146333,3715432,197.58382602859888,0.002860216667004182,55.243905899163316,-1.9799838187124204
2024-01-31,TSLA,129.5949833588928,131.25127658532617,127.33874885905044,129.3089662177247,129.3089662177247,1831143,129.45197478830875,-0.0022070078158504705,88.38186377211653,0.2622548659174973
2024-01-31,NVDA,196.9167754546361,197.8868365214245,192.49689206620698,194.28791793461667,194.28791793461667,3901313,195.6023466946264,-0.013350094292119107,35.77578840803387,2.3212905795322403
2024-01-31,AMZN,116.36842611516485,117.41255095652939,113.01217540867124,113.08249552810364,113.08249552810364,1037990,114.72546082163424,-0.028237303680718955,81.63643055198561,-0.4060717962598319
2024-02-01,AAPL,155.25813325105045,157.81851640243863,153.2823549123834,155.8225284005673,155.8225284005673,4366966,155.5403308258089,0.003635205046580299,27.54252637030249,-0.840083656846994
2024-02-01,MSFT,136.84909610688152,139.2388464998072,136.52045747383238,138.41397940093748,138.41397940093748,1936592,137.6315377539095,0.011435101426126769,63.83901057769486,1.0439511927017462
2024-02-01,TSLA,128.08594946322427,130.4650325810933,127.30131158309335,130.24870153214064,130.24870153214064,3211931,129.16732549768244,0.016885162486439155,49.65481287518624,-0.6313759884493888
2024-02-01,NVDA,132.69027255657784,133.1712533478239,131.42822055934946,131.86927715881592,131.86927715881592,4075899,132.27977485769688,-0.006187306589575772,70.6410577667011,-0.3918164546358284
2024-02-01,AMZN,102.4577024306966,102.9951204882103,98.30493558894821,99.90544679611526,99.90544679611526,3105679,101.18157461340593,-0.024910334450528145,78.86609607677921,0.6346184756527891
2024-02-02,AAPL,198.77583893150484,199.9633526070046,198.7082957971419,199.25371034419445,199.25371034419445,4628899,199.01477463784965,0.002404071919697828,59.058537904793376,-0.9525759870384408
2024-02-02,MSFT,143.55315405309335,144.52569822575197,140.66375251575434,141.84005543662494,141.84005543662494,2955882,142.69660474485914,-0.011933549128672035,70.39655722478795,-1.5415873996717875
2024-02-02,TSLA,193.2079638462875,197.77178926470808,191.75639642413196,196.2978187898756,196.2978187898756,4656850,194.75289131808154,0.015992378792658548,92.53950252924406,1.6506756068044603
2024-02-02,NVDA,166.46655865344388,167.20150929794775,162.37958863517588,163.79333225401612,163.79333225401612,1516085,165.12994545373,-0.016058639170843804,82.70510280726565,-0.3416722769337112
2024-02-02,AMZN,171.89811011169917,175.59685994563276,170.29339860340238,174.2504788881865,174.2504788881865,1260146,173.07429449994282,0.013684669220381612,37.98939037860174,-1.1893257135823005
2024-02-03,AAPL,156.04505887097804,156.08398380559663,152.79337078486898,153.5918155521848,153.5918155521848,4911715,154.81843721158143,-0.015721377764493203,75.58675329549962,0.967446150050235
2024-02-03,MSFT,134.29207942505556,138.13982154379838,133.37026063895826,137.54259421859302,137.54259421859302,1982878,135.91733682182428,0.024204813920924342,81.52250407163727,1.3877040489819323
2024-02-03,TSLA,109.8610368722811,110.9485796932651,108.60671544935738,110.84656507560759,110.84656507560759,3147290,110.35380097394435,0.008970679973394086,6.08922255770824,0.5069547296685477
2024-02-03,NVDA,188.57963394252874,188.62211142123607,187.53290458471074,188.6207283104645,188.6207283104645,4060426,188.60018112649664,0.0002179151962309975,93.82561369639623,0.6406842837306482
2024-02-03,AMZN,124.45696090205628,128.04974427504573,123.32433769094762,127.64250241089125,127.64250241089125,2159081,126.04973165647377,0.025595527046027536,77.12411813790806,-0.25857263167677125
2024-02-04,AAPL,127.83288070303098,129.93277435569775,127.76171709841093,128.68377940288713,128.68377940288713,3034832,128.25833005295905,0.006656336735717246,40.16881850039887,-0.7621621158474723
2024-02-04,MSFT,108.57946005198352,108.91808543307071,106.39701376396172,108.32720371039767,108.32720371039767,4606068,108.45333188119059,-0.002323241812632686,20.095056150453118,-0.248586564902318
2024-02-04,TSLA,133.78408669390376,133.89902795990278,130.30924803054927,132.20613423853655,132.20613423853655,2791945,132.99511046622015,-0.011794769425586056,39.56336676257261,-0.7491953932235876
2024-02-04,NVDA,195.5465933305781,196.38167173257182,192.0884526854011,193.65161614076433,193.65161614076433,2664947,194.59910473567123,-0.009690668385156932,26.59304880823219,0.24444345596163258
2024-02-04,AMZN,114.54356034053666,116.19405054334203,112.68270357112999,114.8768424025622,114.8768424025622,4612028,114.71020137154943,0.0029096534194912615,35.90970877302963,7.182708301725519e-06
2024-02-05,AAPL,188.77008357273198,188.84156893773294,185.27986539272152,186.8201216411047,186.8201216411047,1654806,187.79510260691833,-0.010329825016345755,26.091105331620945,1.9305013511688713
2024-02-05,MSFT,117.79296826423914,118.67466326358823,114.57638397345968,115.68126467221278,115.68126467221278,2424418,116.73711646822596,-0.017927246618739404,47.33262004491432,0.3667678644269311
2024-02-05,TSLA,167.5125913820757,167.61469751145955,166.0374473606001,166.69998512118556,166.69998512118556,1059202,167.10628825163064,-0.004851015999368547,39.41608737916288,-0.8640449911023695
2024-02-05,NVDA,133.82813918974554,137.09071571253082,133.79260183270526,135.70125950252805,135.70125950252805,1592293,134.7646993461368,0.013996460864831558,15.236448365130972,-0.34123785934433915
2024-02-05,AMZN,199.6071271010187,201.19804015457134,197.15250647286356,198.50752318485158,198.50752318485158,2564981,199.05732514293516,-0.005508840952410634,51.00202010656917,-1.7497127746163397
2024-02-06,AAPL,125.24731986061495,128.01890987700196,124.14884534234962,127.93367801088259,127.93367801088259,3665674,126.59049893574877,0.021448428223911114,39.6222744661744,1.0670977764572298
2024-02-06,MSFT,116.74358194595392,119.6216625000118,114.8104317321056,117.85550730537352,117.85550730537352,2432597,117.29954462566371,0.009524509535216791,55.03377317952594,0.8924738873315303
2024-02-06,TSLA,153.23256225494288,155.200622857818,150.21168760977906,151.95138375220625,151.95138375220625,2808180,152.59197300357457,-0.008361006850522042,86.6134706324731,-0.2097694603367216
2024-02-06,NVDA,196.0812528822678,197.19722768348706,193.60435245896556,195.56924222496698,195.56924222496698,1248710,195.82524755361737,-0.0026112167776091793,51.31847162982181,0.5427084436389251
2024-02-06,AMZN,122.13297516173091,123.43359569630627,120.27705843407917,122.43652859891772,122.43652859891772,3231633,122.28475188032431,0.002485433903373231,25.805921253840726,-1.5676462464955243
2024-02-07,AAPL,153.2320328258561,155.05013875727425,151.66964713793132,153.66196400710828,153.66196400710828,3163135,153.4469984164822,0.0028057526440361928,37.406262500732566,0.09721923200291803
2024-02-07,MSFT,141.3780219858266,141.98460582866593,138.39210281316699,139.1038811224487,139.1038811224487,4142934,140.24095155413767,-0.016085533178600186,37.84033699154114,1.038310228196784
2024-02-07,TSLA,160.093368645964,163.80629930657472,159.85838545970887,163.61098000022213,163.61098000022213,4107589,161.85217432309307,0.021972248969519086,70.79823546511867,-0.24065841197996907
2024-02-07,NVDA,176.72100660540968,178.6129629483033,175.24174160304977,177.52625766766977,177.52625766766977,4504170,177.12363213653973,0.004556623333739168,77.54268517940487,-1.775887999961829
2024-02-07,AMZN,179.72928642726066,181.89263573133135,178.8149871784456,180.43893367231752,180.43893367231752,2966964,180.0841100497891,0.0039484229819387985,3.669141786941299,1.4328669678333399
2024-02-08,AAPL,114.74001025132206,115.77225765280424,113.78732786378153,114.22704941706475,114.22704941706475,4685972,114.4835298341934,-0.004470636120161956,16.993498580038903,0.1579319807499222
2024-02-08,MSFT,103.92223002775964,104.98462027329253,99.39931012602524,100.34060483397988,100.34060483397988,4127576,102.13141743086976,-0.03446447591456646,64.5544294579494,-1.8196676801472342
2024-02-08,TSLA,134.4856586622748,134.82194289832043,132.7718245504218,133.88409090932274,133.88409090932274,3773789,134.18487478579877,-0.004473099651931979,28.64535447811124,-0.660608593976992
2024-02-08,NVDA,190.16504359672535,193.3085854533879,189.85284704565152,192.68356347439303,192.68356347439303,1428954,191.4243035355592,0.013243863488436843,76.50699491581399,0.678781490098347
2024-02-08,AMZN,131.35906117427012,132.33335742810488,127.00653135800238,128.98726840228153,128.98726840228153,1178562,130.1731647882758,-0.018055798745714304,50.625021098814486,-0.5337765013597735
2024-02-09,AAPL,114.41790463417044,114.66339426427638,110.347925122341,112.27575110481708,112.27575110481708,3950174,113.34682786949375,-0.018722188071897444,64.422317792982,-0.3166178884312403
2024-02-09,MSFT,112.20856068364672,112.59503326859584,110.03503078155347,111.4059650733797,111.4059650733797,3884594,111.80726287851321,-0.00715271281778405,21.130155847858344,-0.31665529505210693
2024-02-09,TSLA,104.49297810656847,105.9162070997489,102.02301196861947,103.16268039448659,103.16268039448659,1079309,103.82782925052753,-0.0127309771066642,10.668244680271343,-0.14618552737785268
2024-02-09,NVDA,140.87738294698374,142.1914703008166,139.83286094026684,140.75496137857166,140.75496137857166,3534897,140.81617216277772,-0.0008689937721099638,24.64023223874332,-1.8927813573148216
2024-02-09,AMZN,126.33465208260534,127.87791634344894,125.28211663688118,125.96180271686612,125.96180271686612,2522909,126.14822739973573,-0.0029512834332692506,28.488552055373116,0.6336038214178529
2024-02-10,AAPL,110.39880775434204,112.16740875396474,108.81380994312421,110.93685590069454,110.93685590069454,3942467,110.66783182751828,0.004873677146493755,57.6656725134395,0.5249178636458827
2024-02-10,MSFT,131.56709215133506,131.72765548879698,129.87096620399993,131.60000475688256,131.60000475688256,1649173,131.5835484541088,0.0002501583413399203,53.794577915190246,-0.608963331720862
2024-02-10,TSLA,193.76630939645622,195.40121592369255,192.03989555904676,193.57798954768703,193.57798954768703,1689732,193.67214947207162,-0.0009718916015677658,64.48269584762593,0.9173278726824816
2024-02-10,NVDA,197.04102962944728,199.64093771648848,196.3011482384763,198.425689504028,198.425689504028,3815005,197.73335956673765,0.007027266743300656,44.28730246222125,0.7940550874416686
2024-02-10,AMZN,189.80877551269836,190.83830972076873,188.9498860480478,189.2307650907899,189.2307650907899,1007208,189.51977030174413,-0.0030452249657434297,17.693548523244516,-1.9986394755833727
2024-02-11,AAPL,119.98790804886018,121.42414612847577,116.43347299343021,117.35957309351787,117.35957309351787,3860189,118.67374057118903,-0.021904998579290413,96.42004194547815,2.299759075861825
2024-02-11,MSFT,153.14942783313077,153.85706589827606,151.39271281882492,152.14924845303517,152.14924845303517,3729745,152.64933814308296,-0.00653074186594665,92.5993370707729,1.2028517119573063
2024-02-11,TSLA,125.2567052098866,126.77568540292971,123.46293644935896,123.71435103316492,123.71435103316492,2887867,124.48552812152576,-0.012313545802895256,4.236404709144326,1.491690923110288
2024-02-11,NVDA,122.77409933472865,125.66051731466703,121.78620882340424,125.21686925364705,125.21686925364705,4899002,123.99548429418785,0.01989645969430805,11.476736267816056,-0.19284182854396467
2024-02-11,AMZN,103.3093704268925,105.36762352202447,101.3875063487655,104.39603376916169,104.39603376916169,4280504,103.8527020980271,0.010518536099667497,19.798279993979484,0.5027873786611338
2024-02-12,AAPL,140.4773628957148,144.06855243944344,139.05724628568342,143.24238018763566,143.24238018763566,4466075,141.85987154167523,0.01968300966735475,12.379569051608586,0.514897657834113
2024-02-12,MSFT,185.97245512848366,188.0516088496304,184.96953066024048,187.86936798267226,187.86936798267226,3511779,186.92091155557796,0.010199966725599608,77.05440616163654,0.7546522738310065
2024-02-12,TSLA,190.8248379234579,192.06732286077036,188.9785198811104,191.21056583455865,191.21056583455865,3587755,191.01770187900826,0.002021371616495116,8.695534603725285,-1.1570172808158679
2024-02-12,NVDA,193.0877036418403,196.71173630729035,191.44102214328072,195.12850723165647,195.12850723165647,3172653,194.1081054367484,0.01056930892710633,90.64941252379208,0.7129048354583611
2024-02-12,AMZN,179.9865435582311,181.3901150841028,179.67701615539565,179.95388983812435,179.95388983812435,3711943,179.97021669817772,-0.00018142311897984898,10.680634141745005,-1.9721986573046937
2024-02-13,AAPL,145.68649999666644,148.95225239862387,144.34563978110933,148.80740668422368,148.80740668422368,3271238,147.24695334044506,0.021422071967056998,80.48784485542389,-0.07014836769870583
2024-02-13,MSFT,199.83548770992695,200.09048547346694,197.6005599039782,199.28184172037916,199.28184172037916,1805751,199.55866471515304,-0.0027705088615263317,97.86544840803086,1.123905305614439
2024-02-13,TSLA,163.36432540397195,164.1236483406357,161.74710101254,162.74025670122003,162.74025670122003,3619942,163.052291052596,-0.0038201039376785486,51.448034108954786,-0.3858622281169506
2024-02-13,NVDA,154.68681788063412,155.1446330800829,152.88898962867503,153.60495750239744,153.60495750239744,3455327,154.14588769151578,-0.006993875710026653,78.76284017482901,-0.20049536166388945
2024-02-13,AMZN,151.5595247763332,152.10629154949288,147.70585385075861,148.79978035562203,148.79978035562203,3668838,150.17965256597762,-0.018208980430520064,25.782169430853642,-1.434153060304523
2024-02-14,AAPL,174.02449976749568,178.1546383749811,172.31136483215707,176.61679950255146,176.61679950255146,3545648,175.32064963502359,0.014896176909108778,31.538720413305544,0.6164593126261553
2024-02-14,MSFT,123.54824758978576,124.76350911070162,121.12281871691474,121.97445381150294,121.97445381150294,4018078,122.76135070064436,-0.012738293006860356,14.306142459105342,-1.0335470871446808
2024-02-14,TSLA,134.34538036350312,139.45160490089202,133.82304011477356,138.91240351532463,138.91240351532463,3085386,136.62889193941388,0.03399464231270434,91.54076488518005,0.5460769759868134
2024-02-14,NVDA,114.65837361510567,115.26890763490026,112.44781219874673,114.33393671995229,114.33393671995229,2792372,114.49615516752898,-0.002829596172735525,42.09853351033643,0.7694301781773039
2024-02-14,AMZN,158.5628134435701,160.00508878632232,155.76920277115894,157.32204487685303,157.32204487685303,2564324,157.94242916021156,-0.007825091771335368,41.73331420625958,0.1276768958803518
2024-02-15,AAPL,138.30663595637697,142.97503656848727,136.44850364183944,141.21190202834228,141.21190202834228,4415568,139.75926899235964,0.021005977420213293,0.49291266621827035,-1.7305848206615102
2024-02-15,MSFT,116.32636570351147,118.02040039178353,113.0801469845792,114.28339831110235,114.28339831110235,2421499,115.3048820073069,-0.017562376165143573,73.21422191397015,0.7376341087267625
2024-02-15,TSLA,189.0111541385807,190.49583413248044,187.25976959811086,189.880770054043,189.880770054043,4311231,189.44596209631186,0.004600870882068223,21.750414371764172,0.5400944605248059
2024-02-15,NVDA,104.37156801948892,107.15154384086566,102.46444156786235,106.33855689920367,106.33855689920367,2304720,105.3550624593463,0.018846022121153334,80.18158670596945,2.3019673086306294
2024-02-15,AMZN,118.53129195793667,120.64646937767813,116.93163209615973,119.74285534150917,119.74285534150917,3411429,119.13707364972292,0.010221464421415782,96.86880692761626,-2.572709160126839
2024-02-16,AAPL,145.15892943590345,147.09382939727354,143.19411292294478,146.28225171603057,146.28225171603057,4827267,145.720590575967,0.007738568233400635,19.751910684608543,0.9762543997073587
2024-02-16,MSFT,152.83151270573507,154.75090398379356,151.65136370545167,152.131948345512,152.131948345512,2910892,152.48173052562353,-0.0045773567756933736,85.0195175932215,2.023471949769974
2024-02-16,TSLA,194.53199100648322,199.30490316330852,194.3417441330569,197.47360914186882,197.47360914186882,3435316,196.00280007417604,0.0151215135370077,41.693395212880155,-1.0770709002174743
2024-02-16,NVDA,140.0469710294134,140.38005517487105,137.1936841550483,138.8960810984783,138.8960810984783,3446125,139.47152606394587,-0.0082178852029109,60.180257470498766,0.27609351966834206
2024-02-16,AMZN,181.45851222967275,187.83713824267178,181.3595989112882,186.69064474750172,186.69064474750172,3258879,184.07457848858724,0.028833767308786496,67.26271392574618,-0.2548849068664643
2024-02-17,AAPL,182.84804905178515,183.22551347370393,179.7311728423262,181.33712359905388,181.33712359905388,4711741,182.09258632541952,-0.008263284517207816,3.904725996280489,-1.2012015190173893
2024-02-17,MSFT,143.5266159347642,144.7505554596005,141.56302162156408,142.3012195019988,142.3012195019988,3671110,142.9139177183815,-0.008537764405470199,69.62192002506188,0.2470372483934873
2024-02-17,TSLA,110.95696920416893,112.41391713525095,105.28340794772463,107.08475842534236,107.08475842534236,2461412,109.02086381475564,-0.034898310638797454,55.079928673572745,1.5982035365387972
2024-02-17,NVDA,171.78526672195304,173.1629890417605,169.90877918454768,172.40762780799153,172.40762780799153,3683198,172.09644726497228,0.003622901415904496,29.418087987135156,0.29976148463099384
2024-02-17,AMZN,135.39041101797858,135.90094005216264,132.8180518152902,134.5872959289799,134.5872959289799,2703917,134.98885347347925,-0.005931846154836137,35.98740234786746,-0.46847604467972315
2024-02-18,AAPL,117.58030191663603,122.63596624195321,117.56158476560665,120.72370695803389,120.72370695803389,3980203,119.15200443733497,0.02673411268859062,19.600075428073904,2.1260191313318213
2024-02-18,MSFT,128.6329546873449,129.5960613966013,127.68243282561778,127.9017989498437,127.9017989498437,2754751,128.2673768185943,-0.005684046823602424,45.319822748447876,-0.3722293595346697
2024-02-18,TSLA,132.4998930279524,133.55033964993035,128.87646322881005,128.95649737788668,128.95649737788668,1638950,130.72819520291955,-0.026742630270034998,81.84221621817872,-0.6896360378125566
2024-02-18,NVDA,108.04485155374005,110.81132098564777,106.52099853084084,110.3353758997785,110.3353758997785,1598494,109.19011372675928,0.02119975466761761,76.3936391518445,0.3464944420067607
2024-02-18,AMZN,109.22643475778477,111.35913002643946,108.87176045401198,110.48606525111444,110.48606525111444,3116766,109.8562500044496,0.01153228608187168,38.42731752423184,1.9790858019065596
2024-02-19,AAPL,170.34070306614734,170.96608275311942,166.6023360507963,168.3709845035746,168.3709845035746,3252863,169.35584378486095,-0.011563405146965156,45.90864793025905,-0.41872434810643605
2024-02-19,MSFT,169.75904016827673,170.15203385932693,165.0633864534237,165.12314873260578,165.12314873260578,3555981,167.44109445044126,-0.02730865720656485,8.421126471318253,0.11139880048075555
2024-02-19,TSLA,197.38933239738697,200.18537319208255,196.43572966952925,199.0520345133565,199.0520345133565,4387195,198.22068345537173,0.008423464914619337,65.6158436303895,0.4879726826630046
2024-02-19,NVDA,139.95853473945286,140.55729264975173,137.0834205357574,137.88440449268808,137.88440449268808,4649547,138.92146961607045,-0.01481960532543433,32.0747916044946,0.9711728510583133
2024-02-19,AMZN,107.41245179130242,109.39623533766164,105.45380271677368,108.30839233805567,108.30839233805567,2436391,107.86042206467904,0.00834112369480239,98.46684021254576,0.5681551768080924
2024-02-20,AAPL,171.13094573197543,173.74222197944704,170.93510142228425,171.98383686076826,171.98383686076826,3258866,171.55739129637186,0.004983850963627749,84.0016697735278,1.4650394596741125
2024-02-20,MSFT,166.15776482298338,169.19688335661053,165.03552296812384,167.69943874379325,167.69943874379325,3618538,166.92860178338833,0.009278374215326601,94.7514364704864,0.24316821540249173
2024-02-20,TSLA,125.46486150246118,126.68844456335454,122.86505472275012,124.02709188695749,124.02709188695749,4354981,124.74597669470933,-0.011459540131684431,32.585484200379625,2.1572211472808416
2024-02-20,NVDA,150.25093969698048,152.11162236045942,148.84147530814715,150.36305681055697,150.36305681055697,4856897,150.3069982537687,0.000746199084029698,92.61182096299659,-0.44624560062938623
2024-02-20,AMZN,123.4963886128957,128.49474601606786,123.07910957296731,127.96216661168246,127.96216661168246,1707073,125.72927761228908,0.036161203165097563,15.204702504442203,-0.6040446438042636
2024-02-21,AAPL,178.4058614467154,178.91776760793752,177.43886012994747,178.71519911400804,178.71519911400804,1938421,178.56053028036172,0.0017338985657993223,43.57126542360222,1.0415683888185818
2024-02-21,MSFT,126.53028391428408,130.9409455565889,125.84747331106641,130.81794826624315,130.81794826624315,4596888,128.67411609026362,0.03388646748681664,50.5473015440467,0.07861680572469514
2024-02-21,TSLA,184.8648391443307,185.88887400939038,182.90029878689748,184.11427713124385,184.11427713124385,4621226,184.48955813778727,-0.004060058238012715,21.268240881182876,-1.052862905629731
2024-02-21,NVDA,147.6614228567326,148.2309822667945,146.1079675818301,146.99721830203495,146.99721830203495,2884906,147.32932057938376,-0.004498158976444966,9.325399384847021,-0.7214312955717558
2024-02-21,AMZN,177.3355017612787,178.36580765549184,173.81174475717944,175.32222404226877,175.32222404226877,4998407,176.32886290177373,-0.011352931020659963,8.105378863406154,0.02042845084623046
2024-02-22,AAPL,148.07413971602645,148.76905905225814,144.2852587139775,145.1935892506743,145.1935892506743,2740786,146.63386448335038,-0.01945343373850697,95.50641453735598,-0.22521936686109498
2024-02-22,MSFT,151.89256786371652,153.16276760164808,151.5041794484896,152.46459291767275,152.46459291767275,1209735,152.17858039069463,0.0037659844849648326,42.648120614010296,0.978567297446043
2024-02-22,TSLA,139.72680422994748,142.6231890019515,138.05891302801436,141.0876338147112,141.0876338147112,1485782,140.40721902232934,0.009739216410648217,32.69422497741906,0.15247402660199658
2024-02-22,NVDA,110.48342072532509,111.81532354683392,108.03408230039777,109.66753367445756,109.66753367445756,4158214,110.07547719989132,-0.007384701211378337,0.3860026281241602,0.6021169038160267
2024-02-22,AMZN,188.75996374255635,188.8707791293015,187.04931074079477,188.67311673759957,188.67311673759957,1920486,188.71654024007796,-0.0004600922951819819,2.632133528409153,-1.225269066820477
2024-02-23,AAPL,171.88789152714244,173.99781138545123,170.97184960096484,172.97311309414005,172.97311309414005,3535995,172.43050231064126,0.0063135428409524606,97.14800320911682,0.7159388934369917
2024-02-23,MSFT,130.60228073814085,133.87916784707724,129.0415407398228,133.23998266431468,133.23998266431468,2936843,131.92113170122775,0.020196446120741618,28.517492813257228,-0.2999027988906923
2024-02-23,TSLA,135.59275512159843,138.4504203019913,135.05525634744495,137.08321730128418,137.08321730128418,4678111,136.33798621144132,0.01099219628916837,38.044967546171485,-1.7563533030867762
2024-02-23,NVDA,191.04095516782465,192.37359596610202,189.0871289828669,190.50809532261778,190.50809532261778,2073563,190.7745252452212,-0.002789244037953893,98.32027382901181,1.5114642626720602
2024-02-23,AMZN,144.86006620177173,146.92912663904647,143.21208601376634,146.63304928049095,146.63304928049095,2407990,145.74655774113134,0.012239281157373492,62.053357405505096,-0.2721317560182082
2024-02-24,AAPL,196.3907924625256,197.13118295296232,196.0068854877813,196.31477108407293,196.31477108407293,3272431,196.35278177329928,-0.00038709237586678514,18.511638887923056,2.2137711419776966
2024-02-24,MSFT,100.62034147093661,102.53954245947956,99.33174421600539,100.65398364035718,100.65398364035718,2858262,100.6371625556469,0.00033434759740197503,48.02954978783836,-0.2572062378504509
2024-02-24,TSLA,159.20882119379112,160.27626743696985,158.50465739143914,158.70226905117755,158.70226905117755,4394990,158.95554512248435,-0.0031816838967546252,29.772294755562136,0.2331287796635172
2024-02-24,NVDA,122.70177717960578,123.80715012182222,120.74324515072192,121.57078156685647,121.57078156685647,1510307,122.13627937323113,-0.009217434651283102,79.15374723231268,0.4760313834381145
2024-02-24,AMZN,182.08999854584783,185.79083607018345,180.58730569053733,184.23133974082208,184.23133974082208,3054660,183.16066914333496,0.011759795771732537,12.96190485167601,0.792209217713812
2024-02-25,AAPL,100.47873852411722,101.92278758598458,97.10600735461563,98.50224010602943,98.50224010602943,3369354,99.49048931507332,-0.0196708124237983,21.151798175083204,0.1376158211401214
2024-02-25,MSFT,183.0948149569656,185.8741292562466,182.0620886637727,184.5895705968184,184.5895705968184,4583313,183.84219277689198,0.008163833804928466,61.66184435520741,-0.14362003564579962
2024-02-25,TSLA,190.04101465401794,190.30678524114717,188.7203374620615,190.2514789281365,190.2514789281365,2616505,190.1462467910772,0.001107467640612812,95.44008805698272,-0.09165940810038319
2024-02-25,NVDA,114.89586511343578,116.08780356599566,113.02818513716385,115.37399572272649,115.37399572272649,1499172,115.13493041808113,0.004161425729452155,25.052058641717856,-1.131406579527017
2024-02-25,AMZN,160.50430168104725,162.19734204153232,160.18536349636494,161.85798581038418,161.85798581038418,1161299,161.1811437457157,0.008433942985696144,37.12173881144785,-1.7261307791140048
2024-02-26,AAPL,158.41984694310224,159.39373529599155,154.3846764411746,155.44839461514863,155.44839461514863,3131216,156.93412077912544,-0.01875681857602624,46.18534421619371,-0.6901537206135876
2024-02-26,MSFT,172.6243281306127,174.52921082399521,172.26300688753142,174.4587712148444,174.4587712148444,3679499,173.54154967272854,0.010626793477473893,11.468098742884536,-0.05704286766218815
2024-02-26,TSLA,129.07614696974764,129.2670602008506,125.7020482093499,126.96185194885744,126.96185194885744,4110205,128.01899945930253,-0.016380214861741547,37.966644320667896,1.238905335972535
2024-02-26,NVDA,157.15501954169343,159.55791788035708,155.61652530362792,157.9476629099414,157.9476629099414,4719779,157.55134122581742,0.0050437037936143705,9.428810312492386,-0.5034405679283436
2024-02-26,AMZN,102.98537045432965,110.60760141761666,101.52449680994044,108.97526524202803,108.97526524202803,4322364,105.98031784817884,0.058162579415633416,23.873884077069928,0.7545485225494143
2024-02-27,AAPL,194.38275890731484,195.92075675272656,191.9492437124217,192.11557325603792,192.11557325603792,1708885,193.24916608167638,-0.01166351205231094,30.186554081205465,0.9967596428198156
2024-02-27,MSFT,149.67444236088983,151.6110133944116,148.77165474741147,149.47767393130988,149.47767393130988,2360896,149.57605814609985,-0.0013146428105975903,37.55493550845426,-1.116649528956681
2024-02-27,TSLA,156.81622441809498,159.69049747456694,156.03218098348464,158.6960346806122,158.6960346806122,2811810,157.7561295493536,0.011987345502627176,29.159667942541056,0.4632291759725723
2024-02-27,NVDA,180.3144080291468,181.97648080730016,179.59388959238083,179.93797391956454,179.93797391956454,3964318,180.12619097435567,-0.0020876540798747505,59.55850196361631,0.11797757536742709
2024-02-27,AMZN,148.66060912814586,151.49061066354062,148.3920750807102,150.51372573008007,150.51372573008007,1180651,149.58716742911298,0.012465417791587361,50.6201666407215,0.5580818806186658
2024-02-28,AAPL,134.87080688769927,137.95421877856492,133.13945366876672,137.61234916659672,137.61234916659672,3078144,136.241578027148,0.020327173405140207,36.56763331259183,0.14505400460665852
2024-02-28,MSFT,139.54107209186418,141.4376655951807,137.57625202666628,138.16139372056148,138.16139372056148,4751309,138.85123290621283,-0.00988725649459263,24.083634900404494,-1.1914006393229901
2024-02-28,TSLA,158.12692959460315,160.30054636050514,156.69333957843642,158.4874999016886,158.4874999016886,1200372,158.3072147481459,0.0022802587010945117,61.04897350200319,1.1286001562602743
2024-02-28,NVDA,154.56289245734854,154.6506173168813,150.5995722355771,150.96798084861476,150.96798084861476,4700157,152.76543665298163,-0.023258568415609804,51.91319151483809,-1.0634329381546068
2024-02-28,AMZN,164.81658723561753,166.75210439502678,162.73868433730402,163.01434694173693,163.01434694173693,4951633,163.91546708867725,-0.010934823515694842,32.592393982149915,-0.7233467992925952
2024-02-29,AAPL,170.83602670365968,171.70593714171343,168.28957672546457,170.1061228982954,170.1061228982954,4514915,170.47107480097753,-0.004272540279986722,98.91213054377505,-0.08314300108474636
2024-02-29,MSFT,169.5407353263535,172.26082082652928,168.11818538141853,171.12992932310553,171.12992932310553,4910008,170.3353323247295,0.00937352308690259,70.80749334877576,-0.12893417586251485
2024-02-29,TSLA,192.1915799248565,193.63972497767463,191.09639532792434,191.50318701192174,191.50318701192174,2385522,191.84738346838913,-0.0035818057856849025,0.01867139325091305,-0.2527106720416067
2024-02-29,NVDA,195.45947821201767,196.43912095286177,192.40081670257223,192.92896218994002,192.92896218994002,2651029,194.19422020097886,-0.012946499423950994,53.83684384690157,1.085927611385284
2024-02-29,AMZN,157.2450218156556,159.45418101393042,155.81852978957426,158.3313835787482,158.3313835787482,2799181,157.78820269720188,0.006908719592828616,41.202441921978185,-0.42990734668795666
2024-03-01,AAPL,196.57254731734588,198.6547469012043,195.62861603981824,198.30383720143047,198.30383720143047,4261093,197.4381922593882,0.008807383877920663,56.919597223094456,-0.8740081575889109
2024-03-01,MSFT,178.90359725593333,180.37112235445568,178.06105046330052,179.5418340561059,179.5418340561059,3081469,179.2227156560196,0.0035674900335264034,95.63895140719681,0.30726478050559103
2024-03-01,TSLA,114.09170410071849,115.17111077920786,110.42017669082013,112.15504395088365,112.15504395088365,2729221,113.12337402580107,-0.01697459219405804,61.218087307055804,0.2933674806045779
2024-03-01,NVDA,172.3623094398858,173.049193629601,170.66425217001446,172.45989314569192,172.45989314569192,1159589,172.41110129278886,0.0005661545503958574,11.670575692413,-0.3357211449657546
2024-03-01,AMZN,119.14255404069138,120.81803220041574,118.21537408294556,118.86107189396871,118.86107189396871,2647520,119.00181296733004,-0.002362565994904981,96.74006017456544,1.4653011978185038
2024-03-02,AAPL,196.1606115606662,197.26500873307856,194.37985443843465,196.33296524542646,196.33296524542646,4921015,196.24678840304634,0.0008786355394643009,78.92854892746224,2.19089801323984
2024-03-02,MSFT,176.64978735303262,181.7099490270004,175.42866086214488,180.24122697207233,180.24122697207233,2708909,178.44550716255247,0.020330845979804394,38.582796974253164,1.6780970309137448
2024-03-02,TSLA,153.15677222423986,155.34331521493172,151.92803720070324,154.19204706920976,154.19204706920976,3031539,153.67440964672483,0.006759576020929317,68.37829273359165,0.1703800435800636
2024-03-02,NVDA,122.27711046344186,124.34214843898474,122.05550252120378,123.87345425246252,123.87345425246252,4917457,123.07528235795219,0.013055131765629481,26.697589868858994,0.11744606842936756
2024-03-02,AMZN,179.14537299609293,179.1665444752657,175.2287943593556,177.15865024524666,177.15865024524666,1468991,178.15201162066978,-0.011090003150065163,34.85736341592089,2.042072149826954
2024-03-03,AAPL,138.51650136809525,140.97358441902023,137.80470521478196,139.1142280584191,139.1142280584191,3500134,138.81536471325717,0.004315202047555571,27.679490146749906,-0.32751480332023714
2024-03-03,MSFT,112.35466849319093,115.38202878082232,112.20972064469322,114.0444636948378,114.0444636948378,3628513,113.19956609401436,0.015039830781479996,96.2119767637906,-0.07504781931390384
2024-03-03,TSLA,129.30228364668258,132.1731720870355,128.37370362055236,131.40240518227063,131.40240518227063,3876799,130.3523444144766,0.016241952395261706,99.49019073529632,0.5857459536403967
2024-03-03,NVDA,174.56665838750143,175.2130887898909,171.41998866038244,173.24677297729676,173.24677297729676,4479675,173.9067156823991,-0.007560924992187267,6.6756798651742555,0.21301716742988736
2024-03-03,AMZN,138.43537322902955,140.43186993473148,136.99005839839447,140.32413172635628,140.32413172635628,1978678,139.37975247769293,0.013643611840464672,96.30938902119273,0.63882281187015
2024-03-04,AAPL,128.35137822930344,129.4960122612207,124.86191516865631,126.65165464905827,126.65165464905827,3149178,127.50151643918085,-0.01324273727087338,22.77063971733957,-1.2093647805661532
2024-03-04,MSFT,178.35391952222574,180.84630419842213,177.44097422654391,179.4231609981244,179.4231609981244,2566696,178.88854026017506,0.005995054545271183,80.10587110273939,0.1304255925697218
2024-03-04,TSLA,151.83664103871638,154.87521873632795,150.03351539923716,153.70500053571584,153.70500053571584,3788388,152.7708207872161,0.012305063416959102,40.646254204311504,-1.3915052694042196
2024-03-04,NVDA,196.25423515918257,200.19939305968384,195.73925854613137,199.6576683223327,199.6576683223327,3864111,197.95595174075765,0.017341960342356955,8.399694727815731,0.8578953175504346
2024-03-04,AMZN,193.95155931013466,194.63918738088142,190.9603881913515,191.3519662667262,191.3519662667262,3272508,192.65176278843043,-0.01340331087130687,75.75959669232927,-0.41159262524486123
2024-03-05,AAPL,123.80220452308389,125.63418510253364,122.27478729678833,125.34401931431685,125.34401931431685,2432087,124.57311191870036,0.012453855706143605,50.3527819782402,1.6418252974024556
2024-03-05,MSFT,162.08415624424765,162.74061457067214,160.12219744264686,162.558675892081,162.558675892081,4144409,162.32141606816432,0.002927612783560932,73.31266083605983,1.2230390436144343
2024-03-05,TSLA,194.06386129939068,195.2314368572032,193.97240469072585,194.28188942152985,194.28188942152985,2231761,194.17287536046027,0.0011234864682137411,99.04533093614852,-0.9973390025232003
2024-03-05,NVDA,184.53735371072037,185.1102829756401,178.65904205044012,179.66222499232165,179.66222499232165,3195616,182.099789351521,-0.026418113299928075,71.64101248607516,1.11492455949028
2024-03-05,AMZN,128.75033728818406,130.00093308284426,128.27871045524378,129.93428599744195,129.93428599744195,3208426,129.342311642813,0.009195694040069488,57.14974464624556,-0.0007101394544385092
2024-03-06,AAPL,173.28151240366955,175.06679200976419,172.5971992688442,172.7660759216921,172.7660759216921,2907674,173.02379416268082,-0.0029745613067867615,92.98480944739104,-0.7733524870487348
2024-03-06,MSFT,171.2523137202777,171.90683907689805,170.5860901212501,170.86270361390845,170.86270361390845,2624262,171.0575086670931,-0.002275064773756186,42.74614056932558,1.3438466439190573
2024-03-06,TSLA,100.09032855212496,101.84369233657105,96.11343683070858,96.76198258179261,96.76198258179261,4413183,98.42615556695878,-0.03325342236836616,10.275444369604624,-0.12656933163938985
2024-03-06,NVDA,141.9156398250621,143.62901446211708,140.219670444943,142.1702435256789,142.1702435256789,3975517,142.0429416753705,0.0017940496264586842,57.511111646998415,0.07917215117190175
2024-03-06,AMZN,199.61004403012382,200.13582638414485,197.53881092694996,198.26103780023737,198.26103780023737,1938804,198.93554091518058,-0.00675820816753519,22.973358899213192,-1.2322957960889371
2024-03-07,AAPL,147.1302188097425,147.17967345940158,146.58518203520862,147.15984826139587,147.15984826139587,4427618,147.14503353556918,0.00020138250247339083,12.317964885450394,-1.0248175559565922
2024-03-07,MSFT,146.44903532208423,146.73276984156473,145.11352769354917,145.83713017188745,145.83713017188745,4349853,146.14308274698584,-0.004178280511380753,49.900524278960056,-0.43847445803460605
2024-03-07,TSLA,156.85596634754964,157.14791312846398,152.7962452757477,153.5329900036922,153.5329900036922,4935721,155.19447817562093,-0.021184889687234768,28.783376214007294,0.3207909219298415
2024-03-07,NVDA,149.4971619411357,150.36884436741232,147.03228254461033,148.5094669870962,148.5094669870962,1932311,149.00331446411593,-0.00660678063191853,97.7471097459519,-0.4973150664563118
2024-03-07,AMZN,135.7867299250579,138.14124079059116,135.30023482463267,137.80278260981734,137.80278260981734,3919714,136.7947562674376,0.014847199618638172,13.577579001831186,-0.03788827205724742
2024-03-08,AAPL,136.0333998408083,136.9721830287106,135.9733698982982,136.447720402663,136.447720402663,2375040,136.24056012173565,0.003045726728432598,19.288070275794833,-0.862925402800993
2024-03-08,MSFT,121.51825792421572,123.44281774687092,118.30409595774124,119.00891019776,119.00891019776,3653542,120.26358406098785,-0.020649964617009717,44.266794756830976,-0.9068745852114098
2024-03-08,TSLA,182.4860876528523,184.13781093348345,180.42883445636292,181.96621863575078,181.96621863575078,2223095,182.22615314430152,-0.0028488145249213324,95.04860360377839,-1.7874324433295068
2024-03-08,NVDA,103.51073708271457,105.54258796629104,102.69214645824505,104.95007342378923,104.95007342378923,1135586,104.2304052532519,0.01390518879142463,88.3425456709705,-0.24841930670503823
2024-03-08,AMZN,190.0915898603207,193.4912978694762,188.60098200880583,192.7741807601839,192.7741807601839,1094015,191.4328853102523,0.01411209670998256,9.127072085677812,1.2075783305652432
2024-03-09,AAPL,160.04710432403803,162.60800163151876,158.893914169311,161.98180386804677,161.98180386804677,4393685,161.0144540960424,0.012088313326129686,9.767420497731816,-0.3117938966605396
2024-03-09,MSFT,148.48333169066657,151.17015980282088,146.84268908361696,149.3210419364702,149.3210419364702,2635473,148.9021868135684,0.005641779695170268,2.6389331713351116,-0.568630017204742
2024-03-09,TSLA,195.2109791397402,195.84246614394945,194.45502619177444,195.8084064597242,195.8084064597242,2206506,195.5096927997322,0.003060418643545369,47.00174829462942,0.9106456722299703
2024-03-09,NVDA,176.75392416193176,176.80983492239065,172.93295632502316,172.99164885886216,172.99164885886216,3033960,174.87278651039696,-0.021285384870000514,9.884595187690437,0.508802196675877
2024-03-09,AMZN,140.2908444731893,141.4089380904612,138.61128081164628,139.63368710532555,139.63368710532555,4109000,139.96226578925743,-0.004684249854874518,42.35498168153972,0.03981586658025517
2024-03-10,AAPL,155.34504296698861,157.0242819287041,154.14177597542232,156.26421277665673,156.26421277665673,2180987,155.80462787182267,0.005916956164886743,30.057420613818365,0.28005786003768013
2024-03-10,MSFT,188.1094700103704,188.14456753078633,187.04016223187244,187.74624510032288,187.74624510032288,1631151,187.92785755534663,-0.0019309230419259703,66.21742342864505,0.5137285362765932
2024-03-10,TSLA,185.13234378820871,187.93631420933002,183.22209171926357,186.66866398301957,186.66866398301957,3065689,185.90050388561414,0.008298496974512485,32.38765385320617,-0.7867534087320956
2024-03-10,NVDA,179.81464066514448,180.9880868992084,177.39134223060083,177.66730010808308,177.66730010808308,3336915,178.74097038661378,-0.011941967289861738,21.63791144584878,0.09267501444094979
2024-03-10,AMZN,186.18068074390897,187.5615906574555,185.17929654586783,186.26284519619674,186.26284519619674,2522948,186.22176297005285,0.00044131567227851884,27.79427788119584,0.5934659196032391
2024-03-11,AAPL,128.10679399476984,131.02191201049493,127.56442272975127,129.41988462617803,129.41988462617803,1601493,128.76333931047395,0.010249968721110888,36.72514125601705,-0.04391738158956726
2024-03-11,MSFT,193.90783565470986,194.58874274498527,193.52543126067496,194.47974643390094,194.47974643390094,3196046,194.19379104430539,0.0029493948878346657,64.63208098872278,-1.4827399586825953
2024-03-11,TSLA,140.34851981773662,141.79285460432848,136.88941583991686,138.80873260059235,138.80873260059235,1602083,139.5786262091645,-0.010971168197170216,83.39346694541027,1.117563531083111
2024-03-11,NVDA,112.03873941660017,112.79285017792198,110.09287218203974,112.43671840541055,112.43671840541055,3348449,112.23772891100535,0.003552155182062082,55.28857604818299,1.9887319185953911
2024-03-11,AMZN,130.64269786968399,131.9576680622764,126.67056815879978,128.1223554123169,128.1223554123169,2947568,129.38252664100042,-0.019291873931454883,98.30668688918388,-1.9902195166573788
2024-03-12,AAPL,188.3825446444558,189.89680420007394,185.62637754481807,187.59903567082125,187.59903567082125,4998549,187.99079015763851,-0.004159137860215823,95.34053465033483,0.9632585947319653
2024-03-12,MSFT,133.4635131170346,133.47249320498062,131.63338579476255,132.1617943232109,132.1617943232109,4623706,132.81265372012274,-0.00975336826839129,8.964247609873699,0.9337101150482616
2024-03-12,TSLA,142.11107588880807,143.01984848500794,138.96222819029686,140.9147749837751,140.9147749837751,4867389,141.5129254362916,-0.008418069440055508,69.5891552714483,-1.5200392851920637
2024-03-12,NVDA,147.2763112802699,148.16201817799566,143.624631992482,144.0597741880719,144.0597741880719,4922345,145.6680427341709,-0.021840152460614375,80.69512875713338,-1.4876764701058451
2024-03-12,AMZN,171.8815711037542,173.59172735076373,171.2357568910801,171.98743144278814,171.98743144278814,1183472,171.93450127327117,0.0006158911531593882,79.34015870132332,0.6862499364589266
2024-03-13,AAPL,146.21364057877344,148.40643900266159,145.90689168357886,147.91777385260326,147.91777385260326,1335127,147.06570721568835,0.011655090914118328,6.184478322329312,-1.1106482198341798
2024-03-13,MSFT,144.96944303093088,146.5371164126153,141.99800963167868,143.42787442951774,143.42787442951774,2890119,144.1986587302243,-0.010633748527848184,22.655620897386697,-0.4808453408727291
2024-03-13,TSLA,170.5752363745534,173.00670855565727,169.2443835126122,171.12844754552435,171.12844754552435,1658320,170.85184196003888,0.0032432091710908415,86.21662670420272,0.9640104697956557
2024-03-13,NVDA,150.80443388649866,153.44325743082436,149.68697190488567,151.85023291934687,151.85023291934687,3314763,151.32733340292276,0.0069348029490652625,14.941391978590179,-0.043739441807150135
2024-03-13,AMZN,144.28642947631806,147.8815588698611,144.24827628319767,145.99937828531165,145.99937828531165,2484631,145.14290388081486,0.011871863592512948,1.434914774035012,-0.12004159269284775
2024-03-14,AAPL,161.14853239164697,164.26280278596576,160.15125368616688,162.63563942266364,162.63563942266364,2717864,161.89208590715532,0.00922817607424739,45.48903534657717,0.21035936662981292
2024-03-14,MSFT,135.39668235661549,137.4783436293556,133.42456505686803,136.77073116779607,136.77073116779607,3718080,136.0837067622058,0.010148319643176617,76.463301095885,2.038507297225111
2024-03-14,TSLA,153.95019250274484,154.1039384902496,151.9678067000006,153.34640808231114,153.34640808231114,3496159,153.648300292528,-0.003921946511518215,92.26396515611768,-1.1394727104680447
2024-03-14,NVDA,164.23410057260574,164.31986953657338,161.49731458749756,162.26463856215673,162.26463856215673,3462532,163.24936956738122,-0.011991797096841856,96.40203904338944,0.17527614593903731
2024-03-14,AMZN,166.19487321735315,168.0510767622955,162.8542888468822,164.15831456621945,164.15831456621945,3061899,165.1765938917863,-0.012254040162058721,38.19740828696698,-0.6545701349975839
2024-03-15,AAPL,133.85422700485054,134.75601740319834,131.3197098487122,131.65311918278474,131.65311918278474,3115323,132.75367309381764,-0.01644406658884254,37.38405692592121,-1.7768743551217248
2024-03-15,MSFT,178.50663791171615,180.59964307416385,177.61088172587668,179.02471011580207,179.02471011580207,2721519,178.7656740137591,0.0029022573622283637,50.19463732319225,-2.649590944372481
2024-03-15,TSLA,194.97960345926165,199.44444889791308,194.7472619507898,197.57503573693214,197.57503573693214,4231450,196.27731959809688,0.013311301447039629,67.34584835406308,-0.8247242980002185
2024-03-15,NVDA,195.29367945610196,197.12968826018025,191.66972192511165,193.26833320856477,193.26833320856477,1994838,194.28100633233336,-0.010370772127279434,5.6371536627761065,-1.0272968770754625
2024-03-15,AMZN,183.11042617690842,185.53055322739692,181.233083396414,185.47756670337182,185.47756670337182,4517131,184.29399644014012,0.012927393463529144,60.91640528298269,-1.1432009833645012
2024-03-16,AAPL,177.59584418813597,181.19954681752552,175.63023749020013,180.02314326336784,180.02314326336784,2881414,178.8094937257519,0.013667544341074306,29.13812036536062,0.8403908783631506
2024-03-16,MSFT,156.06203949920166,158.70822417856888,154.57541490160608,156.82628277741725,156.82628277741725,3239381,156.44416113830945,0.004897047870629023,12.915639682655799,0.8147488225516949
2024-03-16,TSLA,107.31972985249783,108.50562249137077,105.1710917235958,106.39594222178926,106.39594222178926,1773093,106.85783603714354,-0.008607808014222963,52.08242721052877,-0.6264902231490875
2024-03-16,NVDA,199.7179608658417,203.6406611688646,199.4138557366241,201.98412729471508,201.98412729471508,3054008,200.85104408027837,0.011346833399704407,16.648113180479807,1.825591674954532
2024-03-16,AMZN,153.1967344073168,154.12657874471213,151.13348859842745,152.35164723049888,152.35164723049888,1877293,152.77419081890784,-0.0055163524215275355,62.68266868350327,0.4249315610538242
2024-03-17,AAPL,125.39718976542073,125.70663640329145,122.87732226317182,124.83796633124615,124.83796633124615,3641196,125.11757804833344,-0.004459616959684004,43.25966430678647,0.7429687534554681
2024-03-17,MSFT,165.98040293907718,167.6524381046226,164.12489002628033,165.41725207747697,165.41725207747697,2367175,165.69882750827708,-0.0033928756143995513,77.20473495193555,-0.5893867019785693
2024-03-17,TSLA,120.42923935091869,122.56157842016214,119.23310714606185,121.28054278640829,121.28054278640829,4227041,120.85489106866349,0.007068909843472359,85.87499106437151,0.9760387669939575
2024-03-17,NVDA,161.0721946762539,162.99530329725943,160.13910769636843,160.3821841616379,160.3821841616379,3279087,160.7271894189459,-0.004283858651102932,15.060652815522568,-0.9552402254738016
2024-03-17,AMZN,159.38300983792905,160.5890861167818,155.90203495303928,156.58249742167317,156.58249742167317,1384470,157.9827536298011,-0.017570959533915353,86.64530926227614,0.17468009289816874
2024-03-18,AAPL,136.4679592040548,139.4604829505644,136.19773900958705,137.6351417086718,137.6351417086718,4186140,137.05155045636332,0.008552795186683709,38.61383798498257,-1.484114333918614
2024-03-18,MSFT,127.36383103000229,129.33926051808427,127.13880511460361,128.68122820063712,128.68122820063712,4676915,128.0225296153197,0.010343573681640458,79.11286065391339,-0.7027742333427175
2024-03-18,TSLA,198.92052736693591,202.214741865375,197.98336867036454,200.46889878818465,200.46889878818465,1126845,199.69471307756027,0.007783869476640538,88.94702840527117,-2.6239757345545702
2024-03-18,NVDA,172.93597225549445,173.33964852231682,172.37204258849698,172.46293387324084,172.46293387324084,1207640,172.69945306436765,-0.002735338264700312,10.4091932133467,-2.351969033110081
2024-03-18,AMZN,130.56953793966787,132.79907075365253,129.70087813281455,131.89246264889903,131.89246264889903,1638432,131.23100029428343,0.010131955202617336,40.74684828896215,0.43251819531179314
2024-03-19,AAPL,151.42341791562998,154.91674167495387,151.19473591970544,153.3222191351817,153.3222191351817,3318098,152.37281852540585,0.012539680094988357,36.77126159532859,0.9578792152143465
2024-03-19,MSFT,129.758537475118,129.9685189537289,126.94823855586574,127.73362316963039,127.73362316963039,4387483,128.7460803223742,-0.015605249141128017,96.64141991959269,1.250569832543435
2024-03-19,TSLA,192.25922138860284,193.6578826313729,190.49467854381174,192.92369123464832,192.92369123464832,1176110,192.59145631162556,0.0034561143088290254,32.76243490519758,1.7800314228311047
2024-03-19,NVDA,170.14763244005945,172.6790123381808,169.4349306350154,171.13713216497533,171.13713216497533,1729432,170.64238230251738,0.005815536253579431,74.19067223185293,-0.0769132009104654
2024-03-19,AMZN,147.27587416609538,147.89663436850245,144.30146669303437,146.09783832092972,146.09783832092972,1677318,146.68685624351255,-0.007998837907674427,30.1768552165938,0.07749728343818077
2024-03-20,AAPL,116.49889392381687,120.09906912452891,114.8062308076637,118.69605722027916,118.69605722027916,2370547,117.59747557204801,0.018859949845524738,73.04560674084802,-0.12706716283851693
2024-03-20,MSFT,191.852662839606,194.59423481655736,191.27220954928816,193.79291999317766,193.79291999317766,4751493,192.82279141639185,0.010113266737370008,99.16877772557231,-1.1122503680299518
2024-03-20,TSLA,103.16457607436901,104.13753680795216,101.21355170671,103.9623932568378,103.9623932568378,2334236,103.5634846656034,0.007733441194908436,81.70569837942126,-0.36975294933883934
2024-03-20,NVDA,193.09413112551061,197.30606734068527,192.95495690847258,196.68796817066047,196.68796817066047,2027158,194.89104964808553,0.018611839853454017,21.340532375808973,-0.20433893690304725
2024-03-20,AMZN,128.28253528075078,128.86011515446228,126.18233568976605,126.35610703137058,126.35610703137058,4360088,127.31932115606068,-0.015017073408817024,82.53026175490918,0.6269990031331261
2024-03-21,AAPL,124.39377895112995,125.99586300678148,121.91786440060554,121.99192493181557,121.99192493181557,3339873,123.19285194147275,-0.01930847378033251,23.05305792275931,-1.288661049957137
2024-03-21,MSFT,155.25120526337025,156.61516438890692,154.45174154780292,156.4376097828629,156.4376097828629,2115501,155.84440752311656,0.007641837739552538,6.774622055039603,-0.9966134968104925
2024-03-21,TSLA,178.3905477285034,179.54270126018432,176.6533317201998,177.22179717788077,177.22179717788077,3088967,177.8061724531921,-0.006551639453461294,97.10491651109287,0.36559146022463607
2024-03-21,NVDA,193.04672003594456,195.2209705185007,191.2066074252498,193.97993055137005,193.97993055137005,4214586,193.51332529365732,0.004834117436710274,33.19271347926866,0.41623699207199816
2024-03-21,AMZN,104.14361317327193,108.08592184675744,102.21927162231619,106.78898513065961,106.78898513065961,4148721,105.46629915196577,0.0254011924186495,38.11974369849733,-0.4517365104954811
2024-03-22,AAPL,165.20291817847578,166.95527792847392,164.0408833834447,166.3675030744357,166.3675030744357,1988163,165.78521062645575,0.007049420850434095,13.388777438627454,-1.5496509245964756
2024-03-22,MSFT,102.521016879135,103.52647063818102,100.9834724330275,103.18661331394391,103.18661331394391,1015978,102.85381509653945,0.006492292556887094,61.89901451361207,1.0137505474982607
2024-03-22,TSLA,114.8248120557871,115.33072628578559,112.77866095436299,114.2506319828794,114.2506319828794,3630238,114.53772201933324,-0.005000487809453114,31.803028916055464,-0.8386745468630518
2024-03-22,NVDA,115.36665427726126,117.34618529095651,114.76045364275856,114.84522941103565,114.84522941103565,2606100,115.10594184414845,-0.0045197190600021414,57.13805768779952,-2.951089307295081
2024-03-22,AMZN,138.49386398471557,140.31011683857906,136.59991472200588,138.09411390101332,138.09411390101332,1764958,138.29398894286444,-0.0028864100704589744,20.48776928975975,0.4538834435170424
2024-03-23,AAPL,181.00038608372,182.61017413746174,176.89542414952604,178.81259597025118,178.81259597025118,2978893,179.90649102698558,-0.01208721241322038,49.98740724735874,0.20579680373407996
2024-03-23,MSFT,161.5205713225716,165.82461111302854,159.77000747030377,164.477005971985,164.477005971985,2627770,162.9987886472783,0.018303765428795485,9.823818465324784,0.9789829150104657
2024-03-23,TSLA,103.41099037098158,105.7836530918679,101.65946002216138,105.10851201961584,105.10851201961584,4617061,104.25975119529872,0.016415292441784895,2.3410232647960494,0.379730533803005
2024-03-23,NVDA,108.0294355016997,113.91456530420828,106.44057333397785,112.03428410859725,112.03428410859725,1377401,110.03185980514847,0.03707182758383055,5.579081250085316,-1.3475466135558132
2024-03-23,AMZN,190.50007399496693,193.49417135723507,189.96470591558116,192.76408426232157,192.76408426232157,4810769,191.63207912864425,0.0118845637163084,51.648216158678075,-0.5609810031317565
2024-03-24,AAPL,182.1486454244552,185.1463542152333,180.61564388919402,184.91619940332296,184.91619940332296,4251788,183.5324224138891,0.015193931156713374,2.4945629811443437,-1.5912887926800228
2024-03-24,MSFT,141.53673001912725,142.93398992082356,138.3973310440301,139.40472565439313,139.40472565439313,2491002,140.4707278367602,-0.015063258593341788,76.2539623486645,0.7578491902085328
2024-03-24,TSLA,154.9331997039718,158.33836763434357,153.20844146816438,156.56832312446642,156.56832312446642,4859322,155.7507614142191,0.010553731696103935,28.492705280724874,-2.0069769135372266
2024-03-24,NVDA,194.16870709741988,195.79579713225505,188.8869926381147,190.28179339484623,190.28179339484623,4764769,192.22525024613304,-0.020018229305216916,64.95107310236864,0.5082991855939731
2024-03-24,AMZN,109.64951945735831,110.73955159031286,108.50226546387944,109.5099920412268,109.5099920412268,1969753,109.57975574929256,-0.0012724854319655751,5.862905888377212,0.3654045727713949
2024-03-25,AAPL,120.01706815505686,121.22376334516926,117.64611097325263,118.26204235597976,118.26204235597976,4245478,119.1395552555183,-0.01462313507616838,31.137542661392313,0.27995766934182714
2024-03-25,MSFT,176.82362427575407,178.04360732743436,175.16033982589465,176.11950950628312,176.11950950628312,4083785,176.4715668910186,-0.003982017518048892,95.29108480388516,-0.9401172645602611
2024-03-25,TSLA,191.4602694494837,195.52229998857055,191.02066065377073,195.38272342821372,195.38272342821372,2046568,193.4214964388487,0.020487038851498968,60.116058355003396,-0.07223875867166796
2024-03-25,NVDA,119.75398937661072,121.10841423483862,118.2892694482805,119.44499689680421,119.44499689680421,3778162,119.59949313670747,-0.002580227025546217,46.15684288254296,-0.3438048183351197
2024-03-25,AMZN,105.16920706351779,107.52577609162553,103.50702979130757,107.01398502396887,107.01398502396887,3804582,106.09159604374332,0.01754104658540322,25.901891727544424,-1.1881038006841997
2024-03-26,AAPL,139.21798826190155,141.10547011187404,138.40672047265502,139.5577441814954,139.5577441814954,2115392,139.38786622169846,0.002440459913518367,58.94141401834623,0.09082592703632521
2024-03-26,MSFT,180.37993268238085,182.20078781913688,177.28220969679145,179.2613118439908,179.2613118439908,4697078,179.82062226318584,-0.006201470539185551,31.658441102995283,-1.3790205757606013
2024-03-26,TSLA,178.35077656425352,181.79779558781988,176.85562383695432,180.97512082152056,180.97512082152056,2314233,179.66294869288703,0.014714509843031612,67.15035072621552,0.5090712212230212
2024-03-26,NVDA,114.48560994161583,116.31979390116123,107.4560467867174,109.3315322126494,109.3315322126494,1687353,111.90857107713262,-0.045019437216562416,3.9126111432281396,-0.7579429911197969
2024-03-26,AMZN,138.21357402025905,141.96601538236422,137.81364084844319,140.36764896615412,140.36764896615412,1695963,139.2906114932066,0.015585118619241667,43.37982777351679,-0.22482656127015146
2024-03-27,AAPL,128.5544360741482,129.7131378319497,123.03221189396415,124.03436467848067,124.03436467848067,2545547,126.29440037631444,-0.03516075783694026,49.30168542378287,-0.12668881592577302
2024-03-27,MSFT,184.4093711958583,187.59552926250245,182.80499535410553,185.6390714002669,185.6390714002669,2848264,185.0242212980626,0.006668317322672976,14.497452072064753,1.0967596917662308
2024-03-27,TSLA,148.74296985019868,154.6610004500413,148.66198974603185,152.72093838589493,152.72093838589493,3879187,150.73195411804681,0.026743909575709844,24.84852881360492,-0.914638026046953
2024-03-27,NVDA,199.7857983023348,200.92667168275864,198.11180791572403,199.3335533628069,199.3335533628069,1836741,199.55967583257086,-0.002263649085024158,30.214758337841317,1.925805737459527
2024-03-27,AMZN,166.74483438759728,167.82521774606536,164.0136798491853,165.06089317031282,165.06089317031282,4078802,165.90286377895507,-0.010098910850636283,18.08393999158191,0.9061705999502497
2024-03-28,AAPL,104.76207608498184,107.70168048549785,102.9269971124642,107.15409426320026,107.15409426320026,4858315,105.95808517409105,0.022832863452209966,16.297689125910907,0.3514872340554482
2024-03-28,MSFT,132.98362610685302,136.2053051869443,132.14425646026984,134.2480442603617,134.2480442603617,2922460,133.61583518360737,0.009508073967637979,4.807782123741844,0.6474806455074794
2024-03-28,TSLA,114.97764092858878,116.47235584594195,112.52989909446396,114.19250641265847,114.19250641265847,4176840,114.58507367062363,-0.006828584319432566,96.33744191520364,-1.0922179413406234
2024-03-28,NVDA,182.23148485326018,182.25306885927853,181.2306863218693,181.51062046113105,181.51062046113105,1932002,181.8710526571956,-0.003955762050172601,79.97301289520094,0.23648175104404015
2024-03-28,AMZN,116.21708730858585,118.55847470479732,115.5801448207399,116.68054491059227,116.68054491059227,2594425,116.44881610958906,0.003987861103211365,3.4863359174556297,-0.18525974945439366
2024-03-29,AAPL,107.87347227736598,109.84163215116878,106.54259880503419,107.01534268308384,107.01534268308384,1379035,107.44440748022491,-0.00795496405340227,24.358027110857005,0.9639869317282354
2024-03-29,MSFT,117.76322900756088,122.31238404739445,115.83346484888148,121.06952867269152,121.06952867269152,4745086,119.4163788401262,0.028075823777881974,14.131404979592045,-0.6993179409720909
2024-03-29,TSLA,116.1218213292518,120.18411396716941,115.3217335558817,118.3963786630345,118.3963786630345,2046039,117.25909999614315,0.019587682209473926,80.91995921508133,0.3292992122735003
2024-03-29,NVDA,131.2070521195169,132.1601328005531,128.4743919318419,128.82053645256883,128.82053645256883,3200435,130.01379428604287,-0.018188928326613014,47.319256064906476,0.35026591956203
2024-03-29,AMZN,145.47048392390073,146.11762234477558,143.92591724136125,143.9294812748633,143.9294812748633,2944383,144.699982599382,-0.010593232437747131,73.42962025844497,-0.9111435665841536
2024-03-30,AAPL,171.69750729815462,172.83003100671468,169.87349766117396,170.03197171305516,170.03197171305516,3555069,170.8647395056049,-0.009700406321026207,35.81568476006098,0.17215692393892104
2024-03-30,MSFT,147.54025730531282,152.48349579586076,146.21297268956727,150.73755445911198,150.73755445911198,3786355,149.13890588221238,0.02167067627639296,95.08931103706227,0.11392631163370648
2024-03-30,TSLA,163.40910808965677,168.85121102163268,162.6329100192428,167.11960050849774,167.11960050849774,2779640,165.26435429907724,0.022706766239768934,16.767381617618295,1.4156562261746801
2024-03-30,NVDA,188.48783471030856,188.75033256305107,183.20013938185429,184.42762753572455,184.42762753572455,2025936,186.45773112301657,-0.021540950803664527,27.459469982028605,1.5500607082670066
2024-03-30,AMZN,143.43024714010238,144.2948063018048,140.92377441529885,141.7570228452628,141.7570228452628,3614928,142.5936349926826,-0.011665770144041993,13.102098943228778,0.3615285712475972
2024-03-31,AAPL,137.1044958887448,138.35910341607365,137.02419522354117,138.35261969679124,138.35261969679124,1983853,137.72855779276802,0.009103449160844804,89.66942501708142,-0.8339075052267717
2024-03-31,MSFT,127.75693505296691,129.21496607363989,126.40747905791237,126.92932707486757,126.92932707486757,2534754,127.34313106391724,-0.00647798867244442,40.234075782945176,-1.0969249717331135
2024-03-31,TSLA,163.83377074253917,167.63468711044158,162.37338323011457,165.63583424407346,165.63583424407346,2094939,164.73480249330632,0.010999340937871664,59.279129154896836,0.04939301837345412
2024-03-31,NVDA,155.14102691538199,156.51572669030762,154.18781906929547,156.2043251500179,156.2043251500179,4307566,155.67267603269994,0.006853752716332473,21.53884465515583,0.7061324963419964
2024-03-31,AMZN,158.63659457061223,160.31713878283884,155.33374925409663,156.44258294582724,156.44258294582724,2832197,157.53958875821974,-0.013830425638697092,97.35187579800997,0.8525085083335668
2024-04-01,AAPL,136.77468090306377,138.23603903634094,134.3315085863495,134.7308542542099,134.7308542542099,4334793,135.75276757863685,-0.014943018951748722,25.333382629284774,-1.1504377698185095
2024-04-01,MSFT,115.7421454563074,116.7046794660588,113.54193953049932,114.93023430250646,114.93023430250646,1528226,115.33618987940693,-0.007014827231688313,2.786372412310567,-0.2320621574284737
2024-04-01,TSLA,194.3864577328552,196.1070202058918,192.5312159090433,193.78705039543564,193.78705039543564,1654394,194.08675406414542,-0.003083585885614149,64.14250544093314,-2.9214173766806444
2024-04-01,NVDA,145.37550557286568,146.29771184060607,144.8644765027099,145.1898690484682,145.1898690484682,4619497,145.28268731066694,-0.0012769449961047325,36.3660441104416,0.8204995917033294
2024-04-01,AMZN,106.11974471035418,107.96021178490966,102.06212431613136,103.19626802592074,103.19626802592074,2273882,104.65800636813746,-0.02754884769477016,4.311824505924189,-1.5487961370026657
2024-04-02,AAPL,139.4207890645633,141.69588242428262,137.51985903389192,139.8123322301658,139.8123322301658,2201819,139.61656064736457,0.0028083556851852868,35.150958111822106,0.8707951615756337
2024-04-02,MSFT,129.39912529790485,130.70361567405817,128.40810547730905,128.96872394741018,128.96872394741018,2127625,129.1839246226575,-0.003326153476723936,70.21824754866682,0.6134163686362268
2024-04-02,TSLA,195.90183639767156,196.1505990601185,191.59309273248707,193.30791341203786,193.30791341203786,2372424,194.6048749048547,-0.013240932465626071,32.07605619149588,2.0706707435717946
2024-04-02,NVDA,155.92094014310385,157.84914202264878,153.2186632667172,154.12116718961687,154.12116718961687,1739603,155.02105366636036,-0.011542855961714648,69.16655986724336,0.4820806086722011
2024-04-02,AMZN,156.18249437494094,158.84138959461177,155.761191126488,157.14230200108798,157.14230200108798,4355059,156.66239818801446,0.006145423851682562,43.11307377242357,-1.5471383674580865
2024-04-03,AAPL,188.65051551042046,190.62651090964007,185.51616902541497,186.74461768866834,186.74461768866834,2706562,187.69756659954442,-0.010102796785873846,7.002644755922905,1.972189829942709
2024-04-03,MSFT,181.77907578326756,185.04365430372545,181.61076715920353,183.60255115277135,183.60255115277135,3751428,182.69081346801946,0.010031272090292167,26.577344404630544,-0.25518992982634126
2024-04-03,TSLA,162.663675174255,164.59703914900203,160.36551463604144,161.14468419339687,161.14468419339687,2770120,161.90417968382593,-0.009338231041631681,93.28824379767133,-0.2507566767601495
2024-04-03,NVDA,172.1772599890257,174.4175170488433,170.84214196336242,173.58359013999552,173.58359013999552,1185041,172.88042506451063,0.008167920380771798,17.483656324410912,-2.1186640520987727
2024-04-03,AMZN,193.60590205048064,197.34241698557346,192.99397086937284,196.80466052479278,196.80466052479278,4373608,195.2052812876367,0.016522009093907178,35.76843505546594,-0.5483490029664001
2024-04-04,AAPL,105.72914796031833,109.16255187625497,103.97867711411364,107.63202270852149,107.63202270852149,3435560,106.6805853344199,0.017997636270722022,37.35378071525843,1.319331989302677
2024-04-04,MSFT,170.80112400693307,171.88613569265755,169.7838052108789,170.31096049577934,170.31096049577934,4572659,170.5560422513562,-0.00286979089864671,79.4090342182135,-0.7786754726576129
2024-04-04,TSLA,112.85408341674896,115.06844316145684,112.59989272130377,113.61719408633935,113.61719408633935,1060794,113.23563875154416,0.006761923419043376,71.42399748518815,0.006289231333475277
2024-04-04,NVDA,154.19358896149794,155.1362233629194,151.2506896574807,152.97097665809,152.97097665809,4949271,153.58228280979398,-0.007929073521423954,43.92749737328522,0.2563798681577727
2024-04-04,AMZN,195.9827149377603,197.30477088987604,192.89209112124405,194.32564894129797,194.32564894129797,3072452,195.15418193952914,-0.008455164002542688,25.674240814905723,-0.08220024725191065
2024-04-05,AAPL,153.87518584436566,155.96871312672954,151.92349301773473,154.97676307257112,154.97676307257112,3417403,154.42597445846837,0.0071589010415209365,72.21997326522425,0.595423156763723
2024-04-05,MSFT,153.41747500183527,157.17322270325246,151.53653286548072,155.86781643950184,155.86781643950184,1437129,154.64264572066855,0.015971723153684114,30.527816042104927,0.0713194194725768
2024-04-05,TSLA,186.03830798416067,187.335089254336,185.9843274012973,187.28883248098455,187.28883248098455,4943146,186.66357023257262,0.0067218655683019615,20.105652864615074,0.7698237107200518
2024-04-05,NVDA,123.92833822201287,127.91024157602659,122.59771668360229,126.51001872709506,126.51001872709506,3392365,125.21917847455396,0.020832043276955817,94.85202143018279,-0.7575261729328254
2024-04-05,AMZN,134.0397466302448,136.93934631740177,133.6860414573103,136.75628712612215,136.75628712612215,2789440,135.39801687818345,0.020266678833488573,51.585429790158464,-0.2970917476021178
2024-04-06,AAPL,168.49379367067087,172.6097401252816,166.7693984103004,171.84911025105663,171.84911025105663,2539346,170.17145196086375,0.01991359151746495,45.02904662184763,0.49663719092759984
2024-04-06,MSFT,142.5069680613858,143.8726617838693,140.46189332255273,140.94279036451584,140.94279036451584,1413057,141.72487921295084,-0.010976148872918144,30.073256395315372,-0.9474805377911382
2024-04-06,TSLA,188.699329703788,189.3422068821181,185.6538388713649,185.65938078461627,185.65938078461627,4974897,187.17935524420216,-0.01611001440197861,18.631861527023798,-0.21653287184982842
2024-04-06,NVDA,192.63587489569264,193.75397104149306,188.243721629851,190.1609042989656,190.1609042989656,3853926,191.39838959732913,-0.012847921489531375,30.11878083654256,0.17931272308672427
2024-04-06,AMZN,192.04871188372718,192.91375599930996,191.460213367063,192.09929631059455,192.09929631059455,3558797,192.07400409716087,0.0002633937315757661,37.25722714438654,-1.7258669877235646
2024-04-07,AAPL,196.25400957607724,198.01316530480412,196.19421504194906,197.67394488641568,197.67394488641568,3019652,196.96397723124647,0.007235191339048856,19.815949993946504,0.0871984222066188
2024-04-07,MSFT,124.37517933315853,126.33948883489153,124.34761552390937,125.48527521797939,125.48527521797939,1640369,124.93022727556897,0.008925381179530185,29.293834516801663,0.6559244113725019
2024-04-07,TSLA,168.8375717784633,170.1243838979314,167.32847845911624,169.89813715691372,169.89813715691372,3594673,169.36785446768852,0.006281572088954255,23.191404341416945,-1.3176810479985102
2024-04-07,NVDA,137.76908204064148,140.73140661408743,136.476204255847,139.0783693490992,139.0783693490992,3344433,138.42372569487034,0.009503491560403155,59.36221483154945,-0.8852206443437122
2024-04-07,AMZN,197.62013821333738,199.2186486296817,197.4813749414473,198.18755009450035,198.18755009450035,2245637,197.90384415391887,0.0028712249990961378,63.291711227657956,-0.0808842862450741
2024-04-08,AAPL,147.66437775428182,149.48277961364445,147.23696337814354,149.00965119141802,149.00965119141802,3207847,148.33701447284992,0.009110345078450656,62.73735797880127,0.259832495003476
2024-04-08,MSFT,160.3544570447337,162.30085165011687,159.9406094171753,161.79548064559188,161.79548064559188,1591317,161.0749688451628,0.00898648922777487,68.44190447515896,0.45182209690151426
2024-04-08,TSLA,141.6466369897446,143.07263038245458,140.00668270305792,141.13900273712483,141.13900273712483,4276813,141.3928198634347,-0.0035838073067454455,38.59427997317254,1.1993146825516845
2024-04-08,NVDA,177.9076253670244,178.31586786589384,174.36302182476157,175.88012004980155,175.88012004980155,1950839,176.89387270841297,-0.011396393566830495,42.2758693030776,-1.3003246427384585
2024-04-08,AMZN,110.47744042491885,111.30449000475168,109.61420592434514,111.25544470622582,111.25544470622582,1666309,110.86644256557233,0.007042200455718371,36.42537079770729,-0.3394543214647791
2024-04-09,AAPL,142.5025621263039,144.86327259284474,142.15505697152076,144.33616670169116,144.33616670169116,2915216,143.41936441399753,0.012867169179471186,79.45310119658656,0.6178674232011621
2024-04-09,MSFT,114.14141118812961,115.5106210419585,113.51617695628292,114.77217438619034,114.77217438619034,2510719,114.45679278715997,0.005526155595019765,58.39593658221669,-0.39038760362674235
2024-04-09,TSLA,178.00337995632557,180.6516883176945,177.11624950547767,179.12608273859652,179.12608273859652,1202851,178.56473134746105,0.006307199237151632,91.31505733137121,0.9463432594448057
2024-04-09,NVDA,161.28359702284322,162.74028317748636,160.65549162882934,161.48472542903755,161.48472542903755,4659027,161.38416122594037,0.0012470481183888898,83.74008594608217,-0.9549427576172389
2024-04-09,AMZN,109.67704175062977,111.12512652164729,107.71539655750499,109.28410174034495,109.28410174034495,2204690,109.48057174548737,-0.0035827006638110884,30.032157477911237,1.0282026168461473
